original_path,processed_path,split,class,mean_o,std_o,entropy_o,pct0_o,pct255_o,localstd_o,mean_p,std_p,entropy_p,pct0_p,pct255_p,localstd_p
C:\Users\USER\OneDrive\Escritorio\proyecto-imagenes-medicas\data\raw\chest_xray\train\PNEUMONIA\person494_bacteria_2089.jpeg,C:\Users\USER\OneDrive\Escritorio\proyecto-imagenes-medicas\data\processed\train\PNEUMONIA\person494_bacteria_2089.jpeg,train,PNEUMONIA,125.20812465122768,53.63442200768886,7.541442261969275,0.0016313825334821428,0.00015869140625,10.376152038574219,131.5458386479592,55.08421894589755,7.650793018794858,0.0,0.0,37.0172233581543
C:\Users\USER\OneDrive\Escritorio\proyecto-imagenes-medicas\data\raw\chest_xray\train\PNEUMONIA\person1238_virus_2098.jpeg,C:\Users\USER\OneDrive\Escritorio\proyecto-imagenes-medicas\data\processed\train\PNEUMONIA\person1238_virus_2098.jpeg,train,PNEUMONIA,127.63021725171232,74.39292952615575,7.270521525242138,0.11337982155731795,0.00036893925739005045,11.728901863098145,126.32479671556122,72.87770026140201,7.545735659417108,0.0024713010204081634,0.0,38.577552795410156
C:\Users\USER\OneDrive\Escritorio\proyecto-imagenes-medicas\data\raw\chest_xray\train\NORMAL\NORMAL2-IM-0395-0001-0001.jpeg,C:\Users\USER\OneDrive\Escritorio\proyecto-imagenes-medicas\data\processed\train\NORMAL\NORMAL2-IM-0395-0001-0001.jpeg,train,NORMAL,118.63886866699458,70.14583946811555,6.97375680641834,0.1603418593212002,0.0004322429906542056,9.435256004333496,116.35833864795919,69.70185702969376,7.2714862514240295,0.0004384566326530612,3.985969387755102e-05,37.92898178100586
C:\Users\USER\OneDrive\Escritorio\proyecto-imagenes-medicas\data\raw\chest_xray\test\PNEUMONIA\person35_virus_80.jpeg,C:\Users\USER\OneDrive\Escritorio\proyecto-imagenes-medicas\data\processed\test\PNEUMONIA\person35_virus_80.jpeg,test,PNEUMONIA,127.27437038314798,70.62449116789273,7.048236360249691,0.13548621539897718,0.001792835254484942,10.432036399841309,126.58476163903062,72.73426556891705,7.452537259034003,0.004324776785714286,0.0001992984693877551,40.68973922729492
C:\Users\USER\OneDrive\Escritorio\proyecto-imagenes-medicas\data\raw\chest_xray\test\PNEUMONIA\person36_virus_81.jpeg,C:\Users\USER\OneDrive\Escritorio\proyecto-imagenes-medicas\data\processed\test\PNEUMONIA\person36_virus_81.jpeg,test,PNEUMONIA,125.64040609254025,75.45263241632654,6.949291338694185,0.15799357871451394,0.0017186155831387488,10.439302444458008,122.19389748086735,74.55133291274315,7.348161500814449,0.0020926339285714285,0.00015943877551020407,37.10564422607422
C:\Users\USER\OneDrive\Escritorio\proyecto-imagenes-medicas\data\raw\chest_xray\train\PNEUMONIA\person374_bacteria_1711.jpeg,C:\Users\USER\OneDrive\Escritorio\proyecto-imagenes-medicas\data\processed\train\PNEUMONIA\person374_bacteria_1711.jpeg,train,PNEUMONIA,99.74510321100918,46.049309938615586,7.38612574147255,0.004837538226299694,0.0003038990825688073,9.889871597290039,114.63835299744898,48.60718499753222,7.5335141829762495,0.00023915816326530612,0.0,30.767366409301758
C:\Users\USER\OneDrive\Escritorio\proyecto-imagenes-medicas\data\raw\chest_xray\train\NORMAL\NORMAL2-IM-1014-0001.jpeg,C:\Users\USER\OneDrive\Escritorio\proyecto-imagenes-medicas\data\processed\train\NORMAL\NORMAL2-IM-1014-0001.jpeg,train,NORMAL,130.41736220725352,60.912449564732235,7.620699314652423,0.05020778271296772,0.0003552266108704696,10.200966835021973,130.95053411989795,61.98088066841925,7.728160435605879,0.0006975446428571429,0.0,43.180030822753906
C:\Users\USER\OneDrive\Escritorio\proyecto-imagenes-medicas\data\raw\chest_xray\test\NORMAL\NORMAL2-IM-0292-0001.jpeg,C:\Users\USER\OneDrive\Escritorio\proyecto-imagenes-medicas\data\processed\test\NORMAL\NORMAL2-IM-0292-0001.jpeg,test,NORMAL,151.60999307148126,66.37423621356649,7.596812270901613,0.0003046927546331937,0.0002266962715655211,8.050898551940918,137.3084941007653,67.09234567943365,7.809357743543287,0.0,0.0,41.83191680908203
C:\Users\USER\OneDrive\Escritorio\proyecto-imagenes-medicas\data\raw\chest_xray\train\NORMAL\NORMAL2-IM-0437-0001.jpeg,C:\Users\USER\OneDrive\Escritorio\proyecto-imagenes-medicas\data\processed\train\NORMAL\NORMAL2-IM-0437-0001.jpeg,train,NORMAL,109.71844588329711,59.85564351784012,7.224447864796129,0.1101728700954993,0.0003415327157175174,11.07168960571289,115.96833147321429,63.188644081720085,7.452026396094417,0.0001793686224489796,0.0,41.31964874267578
C:\Users\USER\OneDrive\Escritorio\proyecto-imagenes-medicas\data\raw\chest_xray\train\PNEUMONIA\person1585_bacteria_4155.jpeg,C:\Users\USER\OneDrive\Escritorio\proyecto-imagenes-medicas\data\processed\train\PNEUMONIA\person1585_bacteria_4155.jpeg,train,PNEUMONIA,110.42327905726573,49.625403506099694,7.310504679647547,0.02916572355515316,0.0007698147728987476,10.58099365234375,125.31620695153062,54.881164570184,7.611171747324903,0.001953125,0.0,36.23538589477539
C:\Users\USER\OneDrive\Escritorio\proyecto-imagenes-medicas\data\raw\chest_xray\train\PNEUMONIA\person413_bacteria_1834.jpeg,C:\Users\USER\OneDrive\Escritorio\proyecto-imagenes-medicas\data\processed\train\PNEUMONIA\person413_bacteria_1834.jpeg,train,PNEUMONIA,122.13627797045507,55.73788041347217,7.43976041052804,0.0015019154864174598,0.0001677864522869747,9.450693130493164,130.46348852040816,55.713469243203555,7.6088340446473115,3.985969387755102e-05,0.0,34.4727783203125
C:\Users\USER\OneDrive\Escritorio\proyecto-imagenes-medicas\data\raw\chest_xray\train\PNEUMONIA\person438_bacteria_1891.jpeg,C:\Users\USER\OneDrive\Escritorio\proyecto-imagenes-medicas\data\processed\train\PNEUMONIA\person438_bacteria_1891.jpeg,train,PNEUMONIA,80.53856929708223,41.61226959576525,7.220995147164938,0.010293020557029178,0.00031705901856763925,9.810962677001953,100.69106744260205,49.2244905213291,7.54456764455499,9.964923469387755e-05,0.0,32.43824768066406
C:\Users\USER\OneDrive\Escritorio\proyecto-imagenes-medicas\data\raw\chest_xray\train\PNEUMONIA\person820_virus_1456.jpeg,C:\Users\USER\OneDrive\Escritorio\proyecto-imagenes-medicas\data\processed\train\PNEUMONIA\person820_virus_1456.jpeg,train,PNEUMONIA,114.15442245697565,53.70031373503567,7.547369399892545,0.029899816495561178,0.0003055100927441353,11.45798397064209,125.93150111607143,59.373723732479576,7.779168265695939,0.0002192283163265306,1.992984693877551e-05,46.372459411621094
C:\Users\USER\OneDrive\Escritorio\proyecto-imagenes-medicas\data\raw\chest_xray\train\PNEUMONIA\person581_bacteria_2395.jpeg,C:\Users\USER\OneDrive\Escritorio\proyecto-imagenes-medicas\data\processed\train\PNEUMONIA\person581_bacteria_2395.jpeg,train,PNEUMONIA,114.36734301814988,52.91200102280562,7.36824946074311,0.0011038739266198282,0.0002652956674473068,10.548833847045898,124.13125797193878,52.57542442821111,7.60871348293564,1.992984693877551e-05,0.0,34.18596267700195
C:\Users\USER\OneDrive\Escritorio\proyecto-imagenes-medicas\data\raw\chest_xray\train\PNEUMONIA\person837_bacteria_2753.jpeg,C:\Users\USER\OneDrive\Escritorio\proyecto-imagenes-medicas\data\processed\train\PNEUMONIA\person837_bacteria_2753.jpeg,train,PNEUMONIA,98.88249915851758,49.61304321117646,7.3830979112722375,0.00039970415249433104,0.00019154797335600908,9.771254539489746,114.5357740752551,52.238633560679666,7.604545271308677,0.0,0.0,33.290679931640625
C:\Users\USER\OneDrive\Escritorio\proyecto-imagenes-medicas\data\raw\chest_xray\train\PNEUMONIA\person58_bacteria_273.jpeg,C:\Users\USER\OneDrive\Escritorio\proyecto-imagenes-medicas\data\processed\train\PNEUMONIA\person58_bacteria_273.jpeg,train,PNEUMONIA,137.86364087301587,41.759253791468,7.192065658967994,0.002533730158730159,0.0002896825396825397,8.091139793395996,141.53364158163265,44.28571095842851,7.317005687573072,5.978954081632653e-05,0.0,25.846437454223633
C:\Users\USER\OneDrive\Escritorio\proyecto-imagenes-medicas\data\raw\chest_xray\train\PNEUMONIA\person1312_bacteria_3313.jpeg,C:\Users\USER\OneDrive\Escritorio\proyecto-imagenes-medicas\data\processed\train\PNEUMONIA\person1312_bacteria_3313.jpeg,train,PNEUMONIA,161.01601223599062,48.9043341414917,6.669176156320748,0.00022778587683117623,0.00021334091878822358,7.145339488983154,153.73142538265307,48.55380143324305,7.297183619721788,0.0,0.0,30.10362434387207
C:\Users\USER\OneDrive\Escritorio\proyecto-imagenes-medicas\data\raw\chest_xray\train\PNEUMONIA\person490_bacteria_2070.jpeg,C:\Users\USER\OneDrive\Escritorio\proyecto-imagenes-medicas\data\processed\train\PNEUMONIA\person490_bacteria_2070.jpeg,train,PNEUMONIA,104.07624698092214,65.40287699707966,6.69671850565836,0.19565235827295177,0.0006089039051263264,11.120034217834473,105.58577806122449,69.58012267311581,7.094285813552387,0.0006975446428571429,0.0001992984693877551,40.570037841796875
C:\Users\USER\OneDrive\Escritorio\proyecto-imagenes-medicas\data\raw\chest_xray\train\NORMAL\IM-0404-0001.jpeg,C:\Users\USER\OneDrive\Escritorio\proyecto-imagenes-medicas\data\processed\train\NORMAL\IM-0404-0001.jpeg,train,NORMAL,121.52839323420773,53.966998621055204,7.351783451322079,0.05863633367094373,0.0004085285580440172,10.549662590026855,125.65417729591837,57.60738698158525,7.601385785485592,0.0010363520408163266,0.0,40.80692672729492
C:\Users\USER\OneDrive\Escritorio\proyecto-imagenes-medicas\data\raw\chest_xray\test\PNEUMONIA\person119_bacteria_566.jpeg,C:\Users\USER\OneDrive\Escritorio\proyecto-imagenes-medicas\data\processed\test\PNEUMONIA\person119_bacteria_566.jpeg,test,PNEUMONIA,127.02644104516807,56.85370647115133,7.235077888058143,0.000982424219687875,7.737469987995198e-05,9.017035484313965,131.37956393494898,54.68680542650371,7.595851585500402,1.992984693877551e-05,0.0,31.264402389526367
C:\Users\USER\OneDrive\Escritorio\proyecto-imagenes-medicas\data\raw\chest_xray\train\PNEUMONIA\person505_virus_1017.jpeg,C:\Users\USER\OneDrive\Escritorio\proyecto-imagenes-medicas\data\processed\train\PNEUMONIA\person505_virus_1017.jpeg,train,PNEUMONIA,118.63403161009302,63.32324113688358,7.258129221439722,0.08938007600999584,0.0003221314035818409,10.047654151916504,125.22371253188776,64.95606464802916,7.557187222722099,0.003587372448979592,0.0,37.417049407958984
C:\Users\USER\OneDrive\Escritorio\proyecto-imagenes-medicas\data\raw\chest_xray\train\NORMAL\IM-0670-0001.jpeg,C:\Users\USER\OneDrive\Escritorio\proyecto-imagenes-medicas\data\processed\train\NORMAL\IM-0670-0001.jpeg,train,NORMAL,120.52117048050332,64.94176617704032,7.327994126212634,0.10217568455700297,0.0003204533514391176,8.910079002380371,123.76444913903062,66.95912882291924,7.525983067952,0.0007573341836734694,0.0,44.47828674316406
C:\Users\USER\OneDrive\Escritorio\proyecto-imagenes-medicas\data\raw\chest_xray\train\PNEUMONIA\person781_virus_1412.jpeg,C:\Users\USER\OneDrive\Escritorio\proyecto-imagenes-medicas\data\processed\train\PNEUMONIA\person781_virus_1412.jpeg,train,PNEUMONIA,105.92500486127823,57.97367213180428,7.301388334464972,0.05908101472410829,4.346801698906496e-05,7.817657947540283,113.56281887755102,62.65049991982856,7.651298750744164,0.000896843112244898,0.0,39.38685607910156
C:\Users\USER\OneDrive\Escritorio\proyecto-imagenes-medicas\data\raw\chest_xray\train\NORMAL\IM-0325-0001.jpeg,C:\Users\USER\OneDrive\Escritorio\proyecto-imagenes-medicas\data\processed\train\NORMAL\IM-0325-0001.jpeg,train,NORMAL,118.88764317300374,65.36015972627992,7.389688126310618,0.07410845355032802,0.00041230200442205227,9.965545654296875,117.59295280612245,65.03858261614532,7.712499920542836,0.0011160714285714285,3.985969387755102e-05,38.156044006347656
C:\Users\USER\OneDrive\Escritorio\proyecto-imagenes-medicas\data\raw\chest_xray\test\NORMAL\IM-0013-0001.jpeg,C:\Users\USER\OneDrive\Escritorio\proyecto-imagenes-medicas\data\processed\test\NORMAL\IM-0013-0001.jpeg,test,NORMAL,136.0494400795926,56.192062234252276,7.58979327115941,0.0012107875340338192,0.00018891855047258117,8.965131759643555,126.17414700255102,60.84556452926768,7.848856407796477,1.992984693877551e-05,0.0,45.303707122802734
C:\Users\USER\OneDrive\Escritorio\proyecto-imagenes-medicas\data\raw\chest_xray\train\NORMAL\IM-0500-0001.jpeg,C:\Users\USER\OneDrive\Escritorio\proyecto-imagenes-medicas\data\processed\train\NORMAL\IM-0500-0001.jpeg,train,NORMAL,127.35206618240517,69.69161523784823,7.419961932576223,0.09981263691917446,0.000387409200968523,10.360300064086914,121.11136798469387,68.20077256002479,7.659243306565221,0.0012356505102040817,1.992984693877551e-05,42.162967681884766
C:\Users\USER\OneDrive\Escritorio\proyecto-imagenes-medicas\data\raw\chest_xray\train\PNEUMONIA\person579_bacteria_2386.jpeg,C:\Users\USER\OneDrive\Escritorio\proyecto-imagenes-medicas\data\processed\train\PNEUMONIA\person579_bacteria_2386.jpeg,train,PNEUMONIA,88.76249577488592,40.931233438165364,7.25523649498575,0.007555032110866993,0.0004251521041068109,13.113457679748535,107.82059151785714,51.26482196165125,7.645352428651211,0.0001793686224489796,0.0,37.23768997192383
C:\Users\USER\OneDrive\Escritorio\proyecto-imagenes-medicas\data\raw\chest_xray\train\NORMAL\IM-0560-0001.jpeg,C:\Users\USER\OneDrive\Escritorio\proyecto-imagenes-medicas\data\processed\train\NORMAL\IM-0560-0001.jpeg,train,NORMAL,120.4820275507597,67.82247344692031,7.2273582049158875,0.12732769576369327,0.00045541873637476734,9.574862480163574,119.43831712372449,69.07608646767427,7.479360482287612,0.0004384566326530612,5.978954081632653e-05,42.6083984375
C:\Users\USER\OneDrive\Escritorio\proyecto-imagenes-medicas\data\raw\chest_xray\train\PNEUMONIA\person845_virus_1489.jpeg,C:\Users\USER\OneDrive\Escritorio\proyecto-imagenes-medicas\data\processed\train\PNEUMONIA\person845_virus_1489.jpeg,train,PNEUMONIA,124.51927839222397,44.4800505607487,7.289398326271554,0.0005959068607240043,0.00012433516121052198,7.028618812561035,132.42578125,48.17428350671987,7.433981215034616,0.0,0.0,30.358551025390625
C:\Users\USER\OneDrive\Escritorio\proyecto-imagenes-medicas\data\raw\chest_xray\train\PNEUMONIA\person1186_virus_2022.jpeg,C:\Users\USER\OneDrive\Escritorio\proyecto-imagenes-medicas\data\processed\train\PNEUMONIA\person1186_virus_2022.jpeg,train,PNEUMONIA,126.10505771921642,47.356698017148396,7.397839997399483,0.000959071828358209,0.00022446361940298506,7.821302890777588,133.6678691007653,48.97990497469145,7.506839567520543,0.0,0.0,30.38469886779785
C:\Users\USER\OneDrive\Escritorio\proyecto-imagenes-medicas\data\raw\chest_xray\test\PNEUMONIA\person112_bacteria_538.jpeg,C:\Users\USER\OneDrive\Escritorio\proyecto-imagenes-medicas\data\processed\test\PNEUMONIA\person112_bacteria_538.jpeg,test,PNEUMONIA,124.4000393907563,52.30422154458474,7.379643785915523,0.00017233455882352942,0.0002937893907563025,9.289985656738281,131.98549107142858,51.54513147439757,7.479027193114225,0.0,0.0,29.545745849609375
C:\Users\USER\OneDrive\Escritorio\proyecto-imagenes-medicas\data\raw\chest_xray\train\PNEUMONIA\person20_bacteria_64.jpeg,C:\Users\USER\OneDrive\Escritorio\proyecto-imagenes-medicas\data\processed\train\PNEUMONIA\person20_bacteria_64.jpeg,train,PNEUMONIA,144.38437573999528,50.799848565201515,7.120689065407432,0.0012653919014918304,0.00028304818849159364,9.587298393249512,144.7421277104592,49.6886319804404,7.398804313069425,0.0,0.0,28.782968521118164
C:\Users\USER\OneDrive\Escritorio\proyecto-imagenes-medicas\data\raw\chest_xray\train\PNEUMONIA\person540_bacteria_2272.jpeg,C:\Users\USER\OneDrive\Escritorio\proyecto-imagenes-medicas\data\processed\train\PNEUMONIA\person540_bacteria_2272.jpeg,train,PNEUMONIA,135.90794712076408,58.063445709878806,7.345496522256202,0.0011064378196930947,0.00020355458759590793,11.665678024291992,137.33719308035714,56.2498012380051,7.574046988765669,0.0,0.0,34.5506706237793
C:\Users\USER\OneDrive\Escritorio\proyecto-imagenes-medicas\data\raw\chest_xray\train\PNEUMONIA\person1589_bacteria_4171.jpeg,C:\Users\USER\OneDrive\Escritorio\proyecto-imagenes-medicas\data\processed\train\PNEUMONIA\person1589_bacteria_4171.jpeg,train,PNEUMONIA,122.55175982156987,73.29808248941508,6.717314920952249,0.0005959210318088305,0.0007912644405760405,7.8840436935424805,122.34865274234694,71.71505727078512,7.309538908588022,0.0,0.0,30.413368225097656
C:\Users\USER\OneDrive\Escritorio\proyecto-imagenes-medicas\data\raw\chest_xray\train\PNEUMONIA\person525_bacteria_2216.jpeg,C:\Users\USER\OneDrive\Escritorio\proyecto-imagenes-medicas\data\processed\train\PNEUMONIA\person525_bacteria_2216.jpeg,train,PNEUMONIA,152.61674427593556,48.852645866531354,6.986612971353669,0.0,0.0,9.46345043182373,149.96237244897958,51.204144524030596,7.361774158363085,0.0,0.0,29.401823043823242
C:\Users\USER\OneDrive\Escritorio\proyecto-imagenes-medicas\data\raw\chest_xray\train\PNEUMONIA\person1219_bacteria_3172.jpeg,C:\Users\USER\OneDrive\Escritorio\proyecto-imagenes-medicas\data\processed\train\PNEUMONIA\person1219_bacteria_3172.jpeg,train,PNEUMONIA,122.69809080201307,55.54106027605517,7.323599328419267,0.06900952992825785,0.0002762608416318664,11.42800235748291,123.94465481505102,60.01498924336458,7.597088714737385,0.0002192283163265306,1.992984693877551e-05,40.46498107910156
C:\Users\USER\OneDrive\Escritorio\proyecto-imagenes-medicas\data\raw\chest_xray\train\PNEUMONIA\person351_bacteria_1622.jpeg,C:\Users\USER\OneDrive\Escritorio\proyecto-imagenes-medicas\data\processed\train\PNEUMONIA\person351_bacteria_1622.jpeg,train,PNEUMONIA,73.9222493518684,38.785564846436536,7.112111915016184,0.0004302252816020025,0.0002444461827284105,9.53715705871582,98.84707828443878,45.76443861243585,7.460259365372791,0.0,0.0,31.59280014038086
C:\Users\USER\OneDrive\Escritorio\proyecto-imagenes-medicas\data\raw\chest_xray\train\PNEUMONIA\person546_virus_1085.jpeg,C:\Users\USER\OneDrive\Escritorio\proyecto-imagenes-medicas\data\processed\train\PNEUMONIA\person546_virus_1085.jpeg,train,PNEUMONIA,112.42629324683965,58.51224066141497,7.396918819086151,0.07023293157275193,0.001788090485695276,11.63344669342041,124.73282047193878,63.20462152961464,7.646141089588007,0.004723373724489796,0.0003786670918367347,41.578460693359375
C:\Users\USER\OneDrive\Escritorio\proyecto-imagenes-medicas\data\raw\chest_xray\train\PNEUMONIA\person839_bacteria_2757.jpeg,C:\Users\USER\OneDrive\Escritorio\proyecto-imagenes-medicas\data\processed\train\PNEUMONIA\person839_bacteria_2757.jpeg,train,PNEUMONIA,106.63624700956937,52.931283838217574,7.45398764689943,0.001686602870813397,0.00046351674641148327,13.898927688598633,118.20924346301021,56.59251376864306,7.7047690410281895,1.992984693877551e-05,0.0,36.48097610473633
C:\Users\USER\OneDrive\Escritorio\proyecto-imagenes-medicas\data\raw\chest_xray\test\NORMAL\NORMAL2-IM-0221-0001.jpeg,C:\Users\USER\OneDrive\Escritorio\proyecto-imagenes-medicas\data\processed\test\NORMAL\NORMAL2-IM-0221-0001.jpeg,test,NORMAL,109.8978901172015,67.05829230016786,7.083249351488222,0.1356677670300425,0.0022335137417472746,11.05851936340332,118.53047273596938,70.65970389217038,7.408049339669848,0.0020129145408163264,0.00033880739795918367,38.68498611450195
C:\Users\USER\OneDrive\Escritorio\proyecto-imagenes-medicas\data\raw\chest_xray\train\PNEUMONIA\person1575_bacteria_4119.jpeg,C:\Users\USER\OneDrive\Escritorio\proyecto-imagenes-medicas\data\processed\train\PNEUMONIA\person1575_bacteria_4119.jpeg,train,PNEUMONIA,106.58272721250663,76.19616104074855,7.155746988462857,0.17028186274509804,0.0014556836248012719,12.511454582214355,110.56576849489795,76.77210725625748,7.450928670619538,0.003547512755102041,0.00013950892857142856,42.441261291503906
C:\Users\USER\OneDrive\Escritorio\proyecto-imagenes-medicas\data\raw\chest_xray\train\PNEUMONIA\person281_bacteria_1331.jpeg,C:\Users\USER\OneDrive\Escritorio\proyecto-imagenes-medicas\data\processed\train\PNEUMONIA\person281_bacteria_1331.jpeg,train,PNEUMONIA,82.396225,42.926845482778205,7.343982171620074,0.003875,0.00026176470588235295,11.124275207519531,106.93018574617346,51.29075781800478,7.648934296009781,3.985969387755102e-05,1.992984693877551e-05,37.32894515991211
C:\Users\USER\OneDrive\Escritorio\proyecto-imagenes-medicas\data\raw\chest_xray\train\NORMAL\IM-0357-0001.jpeg,C:\Users\USER\OneDrive\Escritorio\proyecto-imagenes-medicas\data\processed\train\NORMAL\IM-0357-0001.jpeg,train,NORMAL,121.95805023462427,62.28989486017076,7.490818657670967,0.07912062587661267,0.001051190206572658,10.58083724975586,124.93325494260205,64.23766673427191,7.685366566501855,0.0011559311224489796,0.00027901785714285713,45.02138900756836
C:\Users\USER\OneDrive\Escritorio\proyecto-imagenes-medicas\data\raw\chest_xray\train\PNEUMONIA\person529_bacteria_2228.jpeg,C:\Users\USER\OneDrive\Escritorio\proyecto-imagenes-medicas\data\processed\train\PNEUMONIA\person529_bacteria_2228.jpeg,train,PNEUMONIA,124.96606519429265,46.13526549331581,7.323073427804244,0.0002624721716251771,0.0002624721716251771,7.578161239624023,131.86238440688774,46.29827457779534,7.438042633311058,0.0,0.0,26.425212860107422
C:\Users\USER\OneDrive\Escritorio\proyecto-imagenes-medicas\data\raw\chest_xray\train\NORMAL\NORMAL2-IM-0493-0001.jpeg,C:\Users\USER\OneDrive\Escritorio\proyecto-imagenes-medicas\data\processed\train\NORMAL\NORMAL2-IM-0493-0001.jpeg,train,NORMAL,133.67140924472983,62.153637345460794,7.568621092298593,0.05839413078486495,0.0003658524330285924,9.00826644897461,132.10355548469389,62.43487932784453,7.683662513571011,0.0003587372448979592,1.992984693877551e-05,42.48173522949219
C:\Users\USER\OneDrive\Escritorio\proyecto-imagenes-medicas\data\raw\chest_xray\train\PNEUMONIA\person1481_bacteria_3868.jpeg,C:\Users\USER\OneDrive\Escritorio\proyecto-imagenes-medicas\data\processed\train\PNEUMONIA\person1481_bacteria_3868.jpeg,train,PNEUMONIA,111.44765893419546,51.70406298100851,7.4146411194011,0.03024118987402176,4.1754151555640386e-05,7.978606224060059,124.41978236607143,52.43311555899614,7.474621753422577,0.0026705994897959183,0.0,31.025724411010742
C:\Users\USER\OneDrive\Escritorio\proyecto-imagenes-medicas\data\raw\chest_xray\train\PNEUMONIA\person640_virus_1221.jpeg,C:\Users\USER\OneDrive\Escritorio\proyecto-imagenes-medicas\data\processed\train\PNEUMONIA\person640_virus_1221.jpeg,train,PNEUMONIA,125.52202052696079,66.721482654638,7.281558418077832,0.09198357077205882,0.0002709482230392157,9.373756408691406,126.95182955994898,66.6219066621964,7.570265447353341,0.003248565051020408,0.0,38.14640808105469
C:\Users\USER\OneDrive\Escritorio\proyecto-imagenes-medicas\data\raw\chest_xray\train\NORMAL\NORMAL2-IM-1116-0001.jpeg,C:\Users\USER\OneDrive\Escritorio\proyecto-imagenes-medicas\data\processed\train\NORMAL\NORMAL2-IM-1116-0001.jpeg,train,NORMAL,128.71537229268318,59.564282490196675,7.511499338142342,0.05672278646789079,0.00033481294901957753,9.346741676330566,129.12501992984693,63.54931471533603,7.702495223306209,0.00029894770408163266,1.992984693877551e-05,45.5742073059082
C:\Users\USER\OneDrive\Escritorio\proyecto-imagenes-medicas\data\raw\chest_xray\train\PNEUMONIA\person281_bacteria_1329.jpeg,C:\Users\USER\OneDrive\Escritorio\proyecto-imagenes-medicas\data\processed\train\PNEUMONIA\person281_bacteria_1329.jpeg,train,PNEUMONIA,125.53359801912568,55.539231275324525,7.351322326350992,0.000976775956284153,0.0002971311475409836,11.292017936706543,131.73582987882654,56.70557916613428,7.62322644373637,0.0,0.0,36.38999938964844
C:\Users\USER\OneDrive\Escritorio\proyecto-imagenes-medicas\data\raw\chest_xray\train\PNEUMONIA\person696_bacteria_2594.jpeg,C:\Users\USER\OneDrive\Escritorio\proyecto-imagenes-medicas\data\processed\train\PNEUMONIA\person696_bacteria_2594.jpeg,train,PNEUMONIA,124.19113610072084,40.86706591280891,7.151507188175526,0.0014189015689980596,0.0,8.091293334960938,130.77104591836735,41.865318276020346,7.285404923986244,3.985969387755102e-05,0.0,25.191547393798828
C:\Users\USER\OneDrive\Escritorio\proyecto-imagenes-medicas\data\raw\chest_xray\train\PNEUMONIA\person994_virus_1672.jpeg,C:\Users\USER\OneDrive\Escritorio\proyecto-imagenes-medicas\data\processed\train\PNEUMONIA\person994_virus_1672.jpeg,train,PNEUMONIA,154.50992321530708,37.971061038202684,7.136603735249491,1.9172207967330557e-05,0.0,12.153349876403809,149.849609375,51.83505022748538,7.587094168412661,0.0,0.0,36.8128547668457
C:\Users\USER\OneDrive\Escritorio\proyecto-imagenes-medicas\data\raw\chest_xray\train\PNEUMONIA\person1562_bacteria_4089.jpeg,C:\Users\USER\OneDrive\Escritorio\proyecto-imagenes-medicas\data\processed\train\PNEUMONIA\person1562_bacteria_4089.jpeg,train,PNEUMONIA,100.49826292977382,60.560477094786876,7.486273201312385,0.008047596028857403,0.0003468047250747433,7.58082389831543,115.63787468112245,58.92905542667784,7.605952005800005,0.0001793686224489796,0.0,32.59735870361328
C:\Users\USER\OneDrive\Escritorio\proyecto-imagenes-medicas\data\raw\chest_xray\train\NORMAL\NORMAL2-IM-1090-0001.jpeg,C:\Users\USER\OneDrive\Escritorio\proyecto-imagenes-medicas\data\processed\train\NORMAL\NORMAL2-IM-1090-0001.jpeg,train,NORMAL,128.9313843078461,64.28393202333311,7.553360347990275,0.07065534396980615,0.0007477604481341419,10.079093933105469,127.95380261479592,64.34978561123816,7.6777426555466635,0.0007174744897959184,0.00013950892857142856,44.90290832519531
C:\Users\USER\OneDrive\Escritorio\proyecto-imagenes-medicas\data\raw\chest_xray\train\PNEUMONIA\person382_bacteria_1742.jpeg,C:\Users\USER\OneDrive\Escritorio\proyecto-imagenes-medicas\data\processed\train\PNEUMONIA\person382_bacteria_1742.jpeg,train,PNEUMONIA,88.0111602953524,47.939722976897585,6.922594615055164,0.10842840914703412,0.0002296636538746481,8.262621879577637,106.01112085459184,53.299366420522716,7.212074992136356,0.0013352997448979591,0.0,32.67859649658203
C:\Users\USER\OneDrive\Escritorio\proyecto-imagenes-medicas\data\raw\chest_xray\train\PNEUMONIA\person489_bacteria_2067.jpeg,C:\Users\USER\OneDrive\Escritorio\proyecto-imagenes-medicas\data\processed\train\PNEUMONIA\person489_bacteria_2067.jpeg,train,PNEUMONIA,87.44896528143467,61.19089355222032,6.707390843133327,0.20320819437130652,0.000331863261365631,10.151604652404785,99.87948421556122,68.60017072261167,7.044447873864645,0.0006776147959183673,1.992984693877551e-05,37.964927673339844
C:\Users\USER\OneDrive\Escritorio\proyecto-imagenes-medicas\data\raw\chest_xray\train\PNEUMONIA\person1193_virus_2034.jpeg,C:\Users\USER\OneDrive\Escritorio\proyecto-imagenes-medicas\data\processed\train\PNEUMONIA\person1193_virus_2034.jpeg,train,PNEUMONIA,119.68218607446893,39.72824642658317,7.080680107306985,0.001345056761084681,0.0,7.438190937042236,128.6945950255102,42.55143711071062,7.317479619280887,1.992984693877551e-05,0.0,27.20174217224121
C:\Users\USER\OneDrive\Escritorio\proyecto-imagenes-medicas\data\raw\chest_xray\train\PNEUMONIA\person339_bacteria_1574.jpeg,C:\Users\USER\OneDrive\Escritorio\proyecto-imagenes-medicas\data\processed\train\PNEUMONIA\person339_bacteria_1574.jpeg,train,PNEUMONIA,138.94792699966933,45.864209415088304,7.33576908858478,0.010653881298020685,0.0,12.310235023498535,137.3123405612245,49.99544243393222,7.596726151373034,0.0005779655612244898,0.0,36.63495635986328
C:\Users\USER\OneDrive\Escritorio\proyecto-imagenes-medicas\data\raw\chest_xray\train\PNEUMONIA\person462_bacteria_1963.jpeg,C:\Users\USER\OneDrive\Escritorio\proyecto-imagenes-medicas\data\processed\train\PNEUMONIA\person462_bacteria_1963.jpeg,train,PNEUMONIA,113.1234489889706,48.81240650418165,7.41246947026376,0.00044424019607843137,0.0002853094362745098,8.552392959594727,122.87794961734694,48.188292961182675,7.518162723689192,0.0,0.0,28.383968353271484
C:\Users\USER\OneDrive\Escritorio\proyecto-imagenes-medicas\data\raw\chest_xray\train\PNEUMONIA\person543_bacteria_2283.jpeg,C:\Users\USER\OneDrive\Escritorio\proyecto-imagenes-medicas\data\processed\train\PNEUMONIA\person543_bacteria_2283.jpeg,train,PNEUMONIA,94.38412072523585,42.23690944736216,7.316336728563984,0.00021496658805031447,0.0004637136399371069,13.062507629394531,109.23284040178571,51.86586099528518,7.631444223674319,0.0,0.0,38.16343307495117
C:\Users\USER\OneDrive\Escritorio\proyecto-imagenes-medicas\data\raw\chest_xray\train\PNEUMONIA\person487_bacteria_2060.jpeg,C:\Users\USER\OneDrive\Escritorio\proyecto-imagenes-medicas\data\processed\train\PNEUMONIA\person487_bacteria_2060.jpeg,train,PNEUMONIA,122.34229560821979,59.33407110277061,7.457393643292293,0.06533535782447401,0.0002601059281392347,11.239849090576172,126.97578523596938,61.394136095948994,7.57727927971793,0.0005779655612244898,0.0,42.91157531738281
C:\Users\USER\OneDrive\Escritorio\proyecto-imagenes-medicas\data\raw\chest_xray\train\PNEUMONIA\person1564_bacteria_4094.jpeg,C:\Users\USER\OneDrive\Escritorio\proyecto-imagenes-medicas\data\processed\train\PNEUMONIA\person1564_bacteria_4094.jpeg,train,PNEUMONIA,120.5915469055773,67.27540598557661,6.823406739065764,0.14924015410958905,0.0004372553816046967,10.25267505645752,122.31433354591837,70.89631270974343,7.307179495296153,0.0023915816326530613,0.0,37.47867965698242
C:\Users\USER\OneDrive\Escritorio\proyecto-imagenes-medicas\data\raw\chest_xray\train\PNEUMONIA\person392_bacteria_1783.jpeg,C:\Users\USER\OneDrive\Escritorio\proyecto-imagenes-medicas\data\processed\train\PNEUMONIA\person392_bacteria_1783.jpeg,train,PNEUMONIA,115.18170381266394,56.88421749929506,7.370357554206106,0.00024250400757796562,0.00020037889828038473,7.629153251647949,125.01973054846938,53.21651827223604,7.540451104594542,1.992984693877551e-05,0.0,27.763103485107422
C:\Users\USER\OneDrive\Escritorio\proyecto-imagenes-medicas\data\raw\chest_xray\test\PNEUMONIA\person101_bacteria_485.jpeg,C:\Users\USER\OneDrive\Escritorio\proyecto-imagenes-medicas\data\processed\test\PNEUMONIA\person101_bacteria_485.jpeg,test,PNEUMONIA,113.45208642586178,43.6534822285292,7.293394327340579,0.004006112897905327,0.00021776554510968168,9.281739234924316,126.08920599489795,46.81784328113702,7.478777047753837,0.0001793686224489796,0.0,30.423110961914062
C:\Users\USER\OneDrive\Escritorio\proyecto-imagenes-medicas\data\raw\chest_xray\train\PNEUMONIA\person318_virus_644.jpeg,C:\Users\USER\OneDrive\Escritorio\proyecto-imagenes-medicas\data\processed\train\PNEUMONIA\person318_virus_644.jpeg,train,PNEUMONIA,136.56114354735752,70.57645860564982,7.011942678980422,0.1319886201052145,0.0009612791926217781,8.056353569030762,133.44015066964286,72.46900263644747,7.400248246446749,0.003248565051020408,7.971938775510203e-05,39.678009033203125
C:\Users\USER\OneDrive\Escritorio\proyecto-imagenes-medicas\data\raw\chest_xray\train\NORMAL\IM-0313-0001.jpeg,C:\Users\USER\OneDrive\Escritorio\proyecto-imagenes-medicas\data\processed\train\NORMAL\IM-0313-0001.jpeg,train,NORMAL,108.08471351062593,55.443971313608955,7.498907847276507,0.0552460061924005,0.00034250806756403173,11.664385795593262,121.0435865752551,60.51120047211532,7.711045752917611,0.00047831632653061223,0.0,44.39625549316406
C:\Users\USER\OneDrive\Escritorio\proyecto-imagenes-medicas\data\raw\chest_xray\train\PNEUMONIA\person162_virus_320.jpeg,C:\Users\USER\OneDrive\Escritorio\proyecto-imagenes-medicas\data\processed\train\PNEUMONIA\person162_virus_320.jpeg,train,PNEUMONIA,144.43116031667492,87.48042281689389,7.01012270274748,0.025427284347682665,0.00035203282203529607,7.01295804977417,134.1026985012755,84.47820051526412,7.3867158844882255,0.0003786670918367347,0.0,36.00018310546875
C:\Users\USER\OneDrive\Escritorio\proyecto-imagenes-medicas\data\raw\chest_xray\train\PNEUMONIA\person958_bacteria_2883.jpeg,C:\Users\USER\OneDrive\Escritorio\proyecto-imagenes-medicas\data\processed\train\PNEUMONIA\person958_bacteria_2883.jpeg,train,PNEUMONIA,143.50625454215117,56.91139007169242,7.309851725593564,0.0007267441860465116,0.00029069767441860465,11.214065551757812,139.8048469387755,59.49743369403047,7.6466227510945215,0.0,0.0,37.193851470947266
C:\Users\USER\OneDrive\Escritorio\proyecto-imagenes-medicas\data\raw\chest_xray\train\NORMAL\NORMAL2-IM-0566-0001.jpeg,C:\Users\USER\OneDrive\Escritorio\proyecto-imagenes-medicas\data\processed\train\NORMAL\NORMAL2-IM-0566-0001.jpeg,train,NORMAL,126.92396854638939,58.743761427855645,7.504149950416354,0.0553113095609817,0.0004850225858156914,12.054216384887695,128.02810108418367,59.8754490859984,7.670905203120736,0.0004384566326530612,1.992984693877551e-05,43.639686584472656
C:\Users\USER\OneDrive\Escritorio\proyecto-imagenes-medicas\data\raw\chest_xray\train\NORMAL\NORMAL2-IM-1091-0001.jpeg,C:\Users\USER\OneDrive\Escritorio\proyecto-imagenes-medicas\data\processed\train\NORMAL\NORMAL2-IM-1091-0001.jpeg,train,NORMAL,100.56627279586901,63.50858542966302,7.132698478484879,0.14183553337333407,0.0005369415807560138,10.320328712463379,108.76098134566327,66.46712027875498,7.3480351864251885,0.0001793686224489796,3.985969387755102e-05,39.876075744628906
C:\Users\USER\OneDrive\Escritorio\proyecto-imagenes-medicas\data\raw\chest_xray\train\NORMAL\IM-0145-0001.jpeg,C:\Users\USER\OneDrive\Escritorio\proyecto-imagenes-medicas\data\processed\train\NORMAL\IM-0145-0001.jpeg,train,NORMAL,119.44838957254728,60.44674920967884,7.307400613372306,0.09377032546764837,0.0004878112235606317,11.457489967346191,120.23865991709184,63.518289991266585,7.573819018068115,0.0007374043367346938,3.985969387755102e-05,42.883792877197266
C:\Users\USER\OneDrive\Escritorio\proyecto-imagenes-medicas\data\raw\chest_xray\train\PNEUMONIA\person576_bacteria_2375.jpeg,C:\Users\USER\OneDrive\Escritorio\proyecto-imagenes-medicas\data\processed\train\PNEUMONIA\person576_bacteria_2375.jpeg,train,PNEUMONIA,93.09099423542192,51.396278873426226,7.367177494237739,0.0008409248012640103,0.0001396398064484274,8.461636543273926,113.55400988520408,52.633226479855374,7.519826362281204,0.0,0.0,31.903564453125
C:\Users\USER\OneDrive\Escritorio\proyecto-imagenes-medicas\data\raw\chest_xray\test\PNEUMONIA\person122_bacteria_583.jpeg,C:\Users\USER\OneDrive\Escritorio\proyecto-imagenes-medicas\data\processed\test\PNEUMONIA\person122_bacteria_583.jpeg,test,PNEUMONIA,109.16329418208375,47.31057280922846,7.409363777829175,0.0004598074218327383,0.00026033214324353563,8.959208488464355,123.36077008928571,49.40239151967843,7.472054633146808,0.0,0.0,30.59804916381836
C:\Users\USER\OneDrive\Escritorio\proyecto-imagenes-medicas\data\raw\chest_xray\train\PNEUMONIA\person647_bacteria_2539.jpeg,C:\Users\USER\OneDrive\Escritorio\proyecto-imagenes-medicas\data\processed\train\PNEUMONIA\person647_bacteria_2539.jpeg,train,PNEUMONIA,129.61491508423046,48.73953408584856,7.334035220199658,0.00043610446570972885,0.0002694502591706539,9.221713066101074,134.4915098852041,48.706520949663314,7.46531892212698,1.992984693877551e-05,0.0,29.419919967651367
C:\Users\USER\OneDrive\Escritorio\proyecto-imagenes-medicas\data\raw\chest_xray\train\PNEUMONIA\person112_virus_213.jpeg,C:\Users\USER\OneDrive\Escritorio\proyecto-imagenes-medicas\data\processed\train\PNEUMONIA\person112_virus_213.jpeg,train,PNEUMONIA,162.58410089202766,64.3136904228107,7.6673066863737045,0.011347421778463259,0.0006611286991187957,9.549928665161133,144.5469746492347,60.36754276960834,7.793641938452744,0.0001793686224489796,0.00015943877551020407,39.1525764465332
C:\Users\USER\OneDrive\Escritorio\proyecto-imagenes-medicas\data\raw\chest_xray\train\PNEUMONIA\person449_bacteria_1940.jpeg,C:\Users\USER\OneDrive\Escritorio\proyecto-imagenes-medicas\data\processed\train\PNEUMONIA\person449_bacteria_1940.jpeg,train,PNEUMONIA,99.4242512101654,42.46753774299564,7.284208496142012,0.009195996369503832,0.0003298541078391825,9.420743942260742,114.0176777742347,45.22389280794176,7.438755161804271,0.00031887755102040814,0.0,29.55245018005371
C:\Users\USER\OneDrive\Escritorio\proyecto-imagenes-medicas\data\raw\chest_xray\train\NORMAL\NORMAL2-IM-1008-0001.jpeg,C:\Users\USER\OneDrive\Escritorio\proyecto-imagenes-medicas\data\processed\train\NORMAL\NORMAL2-IM-1008-0001.jpeg,train,NORMAL,99.48088780566597,74.43162144361189,6.657914732880892,0.24463152962324153,0.0010998817357261259,8.654192924499512,101.00386639030613,75.64556628790523,6.911445731053567,0.00029894770408163266,0.0002192283163265306,39.984073638916016
C:\Users\USER\OneDrive\Escritorio\proyecto-imagenes-medicas\data\raw\chest_xray\train\PNEUMONIA\person296_bacteria_1397.jpeg,C:\Users\USER\OneDrive\Escritorio\proyecto-imagenes-medicas\data\processed\train\PNEUMONIA\person296_bacteria_1397.jpeg,train,PNEUMONIA,109.66480642992724,56.18990153001659,7.519215718555823,0.0017982837709585573,0.0001799272382157545,8.871574401855469,124.54382573341837,56.211508518768646,7.586688068255038,5.978954081632653e-05,0.0,33.260005950927734
C:\Users\USER\OneDrive\Escritorio\proyecto-imagenes-medicas\data\raw\chest_xray\train\PNEUMONIA\person1924_bacteria_4833.jpeg,C:\Users\USER\OneDrive\Escritorio\proyecto-imagenes-medicas\data\processed\train\PNEUMONIA\person1924_bacteria_4833.jpeg,train,PNEUMONIA,130.2060092170671,54.447535232811504,7.19902285121454,0.022624533968516984,0.0008026097763048881,8.491421699523926,133.75251116071428,55.060959282935514,7.4850420603820425,0.0005381058673469387,0.0,30.491413116455078
C:\Users\USER\OneDrive\Escritorio\proyecto-imagenes-medicas\data\raw\chest_xray\test\PNEUMONIA\person124_bacteria_591.jpeg,C:\Users\USER\OneDrive\Escritorio\proyecto-imagenes-medicas\data\processed\test\PNEUMONIA\person124_bacteria_591.jpeg,test,PNEUMONIA,115.70771412334878,58.8174353370466,7.39462544753288,0.0003042438668725339,0.00022650754846457368,8.3442964553833,124.61613121811224,56.81404513250435,7.605128403087138,0.0,0.0,29.600412368774414
C:\Users\USER\OneDrive\Escritorio\proyecto-imagenes-medicas\data\raw\chest_xray\train\NORMAL\NORMAL2-IM-0993-0001.jpeg,C:\Users\USER\OneDrive\Escritorio\proyecto-imagenes-medicas\data\processed\train\NORMAL\NORMAL2-IM-0993-0001.jpeg,train,NORMAL,130.12904099535177,64.84207233753119,7.4363087240686365,0.08299731182795698,0.00040045899882337863,9.28354263305664,127.39929448341837,66.47115227766756,7.6365295092924095,0.0003587372448979592,5.978954081632653e-05,43.661067962646484
C:\Users\USER\OneDrive\Escritorio\proyecto-imagenes-medicas\data\raw\chest_xray\train\PNEUMONIA\person1147_virus_1917.jpeg,C:\Users\USER\OneDrive\Escritorio\proyecto-imagenes-medicas\data\processed\train\PNEUMONIA\person1147_virus_1917.jpeg,train,PNEUMONIA,126.20326088609134,59.26412301334169,7.358633590746157,0.0020629979322508056,7.50699385756857e-05,6.411745548248291,134.21265146683675,55.87162832261091,7.574588055994797,5.978954081632653e-05,0.0,32.8173713684082
C:\Users\USER\OneDrive\Escritorio\proyecto-imagenes-medicas\data\raw\chest_xray\test\NORMAL\IM-0033-0001-0001.jpeg,C:\Users\USER\OneDrive\Escritorio\proyecto-imagenes-medicas\data\processed\test\NORMAL\IM-0033-0001-0001.jpeg,test,NORMAL,151.9030882418871,65.6994689467615,7.712891678710535,0.011766371480954505,0.00042166016597412466,10.047622680664062,136.0851602359694,66.02982237147813,7.881302417023081,0.0003786670918367347,1.992984693877551e-05,45.62892532348633
C:\Users\USER\OneDrive\Escritorio\proyecto-imagenes-medicas\data\raw\chest_xray\train\PNEUMONIA\person1436_bacteria_3711.jpeg,C:\Users\USER\OneDrive\Escritorio\proyecto-imagenes-medicas\data\processed\train\PNEUMONIA\person1436_bacteria_3711.jpeg,train,PNEUMONIA,174.57913909593347,53.679695869365446,6.594652811440611,0.007804577375519724,0.00028917579353006796,8.66802978515625,158.85895647321428,50.44298795847555,7.420321891365756,0.00047831632653061223,0.0,33.65929412841797
C:\Users\USER\OneDrive\Escritorio\proyecto-imagenes-medicas\data\raw\chest_xray\train\PNEUMONIA\person688_virus_1282.jpeg,C:\Users\USER\OneDrive\Escritorio\proyecto-imagenes-medicas\data\processed\train\PNEUMONIA\person688_virus_1282.jpeg,train,PNEUMONIA,128.99628889056999,54.169957085793094,7.249388417976102,0.02693455655809859,0.0005673690580985916,6.778388023376465,135.0285794005102,53.38512639199035,7.383942721402558,0.0012555803571428572,0.0,26.720111846923828
C:\Users\USER\OneDrive\Escritorio\proyecto-imagenes-medicas\data\raw\chest_xray\train\PNEUMONIA\person892_bacteria_2817.jpeg,C:\Users\USER\OneDrive\Escritorio\proyecto-imagenes-medicas\data\processed\train\PNEUMONIA\person892_bacteria_2817.jpeg,train,PNEUMONIA,133.4582919973545,50.793406951786594,7.334434386846523,0.018663784958427816,0.00021730914588057444,10.636483192443848,136.8292610012755,53.13338136897267,7.553072557718755,0.0012157206632653062,0.0,35.459136962890625
C:\Users\USER\OneDrive\Escritorio\proyecto-imagenes-medicas\data\raw\chest_xray\train\NORMAL\NORMAL2-IM-1326-0001.jpeg,C:\Users\USER\OneDrive\Escritorio\proyecto-imagenes-medicas\data\processed\train\NORMAL\NORMAL2-IM-1326-0001.jpeg,train,NORMAL,110.6527830089977,56.97828108503613,7.192983440446507,0.10101010101010101,0.000342407122068139,11.254602432250977,114.84470663265306,60.928964596187136,7.490580631580938,0.00023915816326530612,1.992984693877551e-05,39.99184036254883
C:\Users\USER\OneDrive\Escritorio\proyecto-imagenes-medicas\data\raw\chest_xray\train\NORMAL\NORMAL2-IM-0609-0001.jpeg,C:\Users\USER\OneDrive\Escritorio\proyecto-imagenes-medicas\data\processed\train\NORMAL\NORMAL2-IM-0609-0001.jpeg,train,NORMAL,120.45538256064579,62.83129807263348,7.393584833276183,0.08890195629434565,0.0003520974112086473,9.632513999938965,122.74677136479592,65.98873633161584,7.636019677716504,0.001175860969387755,1.992984693877551e-05,46.749481201171875
C:\Users\USER\OneDrive\Escritorio\proyecto-imagenes-medicas\data\raw\chest_xray\train\PNEUMONIA\person407_virus_811.jpeg,C:\Users\USER\OneDrive\Escritorio\proyecto-imagenes-medicas\data\processed\train\PNEUMONIA\person407_virus_811.jpeg,train,PNEUMONIA,123.55550770997375,40.15550985500814,6.850839519556203,0.019746555118110236,0.0,15.316910743713379,129.44246253188774,47.03893143787722,7.431974630821715,5.978954081632653e-05,0.0,32.4882926940918
C:\Users\USER\OneDrive\Escritorio\proyecto-imagenes-medicas\data\raw\chest_xray\train\PNEUMONIA\person1175_virus_1981.jpeg,C:\Users\USER\OneDrive\Escritorio\proyecto-imagenes-medicas\data\processed\train\PNEUMONIA\person1175_virus_1981.jpeg,train,PNEUMONIA,105.66429434092477,65.41224151473794,7.309184531210827,0.12104406980183377,0.0003517014386579604,10.185386657714844,112.50239158163265,68.69773577440772,7.559313503509392,0.00015943877551020407,5.978954081632653e-05,46.17332458496094
C:\Users\USER\OneDrive\Escritorio\proyecto-imagenes-medicas\data\raw\chest_xray\train\PNEUMONIA\person598_bacteria_2454.jpeg,C:\Users\USER\OneDrive\Escritorio\proyecto-imagenes-medicas\data\processed\train\PNEUMONIA\person598_bacteria_2454.jpeg,train,PNEUMONIA,100.05246719874953,44.043362549691665,7.268218509213465,0.0003582086017430845,0.00045886225843122394,9.716821670532227,112.62972337372449,49.045897609856354,7.483492547862303,0.0,0.0,29.509336471557617
C:\Users\USER\OneDrive\Escritorio\proyecto-imagenes-medicas\data\raw\chest_xray\train\NORMAL\IM-0323-0001.jpeg,C:\Users\USER\OneDrive\Escritorio\proyecto-imagenes-medicas\data\processed\train\NORMAL\IM-0323-0001.jpeg,train,NORMAL,131.7944826555024,55.59694916817776,7.4931927812899755,0.04576394000736106,0.00038798920377867746,10.084746360778809,132.00388632015307,58.47762902464685,7.640587763241642,0.0006776147959183673,3.985969387755102e-05,42.005699157714844
C:\Users\USER\OneDrive\Escritorio\proyecto-imagenes-medicas\data\raw\chest_xray\train\PNEUMONIA\person258_bacteria_1212.jpeg,C:\Users\USER\OneDrive\Escritorio\proyecto-imagenes-medicas\data\processed\train\PNEUMONIA\person258_bacteria_1212.jpeg,train,PNEUMONIA,107.22493851098503,57.55903455198975,7.585108084539776,0.0054425322911636894,0.0001782426967648479,10.595749855041504,120.66589604591837,55.69583726894393,7.693883399291756,0.00027901785714285713,0.0,34.88591384887695
C:\Users\USER\OneDrive\Escritorio\proyecto-imagenes-medicas\data\raw\chest_xray\train\PNEUMONIA\person835_bacteria_2750.jpeg,C:\Users\USER\OneDrive\Escritorio\proyecto-imagenes-medicas\data\processed\train\PNEUMONIA\person835_bacteria_2750.jpeg,train,PNEUMONIA,119.63766438687544,60.32668516175289,7.575688252324547,0.0049316062631949336,0.00037660538353272345,13.585853576660156,127.43064413265306,57.55069038957948,7.728095407994532,7.971938775510203e-05,1.992984693877551e-05,36.97209167480469
C:\Users\USER\OneDrive\Escritorio\proyecto-imagenes-medicas\data\raw\chest_xray\train\NORMAL\IM-0399-0001.jpeg,C:\Users\USER\OneDrive\Escritorio\proyecto-imagenes-medicas\data\processed\train\NORMAL\IM-0399-0001.jpeg,train,NORMAL,124.37225101732136,52.56745679054995,7.560917357637615,0.022525836481808458,0.0004263889679963041,13.360361099243164,129.953125,55.981357463091186,7.723670156134405,0.0006776147959183673,3.985969387755102e-05,42.90568161010742
C:\Users\USER\OneDrive\Escritorio\proyecto-imagenes-medicas\data\raw\chest_xray\train\PNEUMONIA\person551_virus_1091.jpeg,C:\Users\USER\OneDrive\Escritorio\proyecto-imagenes-medicas\data\processed\train\PNEUMONIA\person551_virus_1091.jpeg,train,PNEUMONIA,134.45818959686147,68.89633055797758,7.366855116638776,0.06058821097883598,0.0002724416786916787,9.942798614501953,135.05789620535714,67.84773501682524,7.6488434738028825,0.0037468112244897957,0.0,37.93634033203125
C:\Users\USER\OneDrive\Escritorio\proyecto-imagenes-medicas\data\raw\chest_xray\test\NORMAL\NORMAL2-IM-0233-0001.jpeg,C:\Users\USER\OneDrive\Escritorio\proyecto-imagenes-medicas\data\processed\test\NORMAL\NORMAL2-IM-0233-0001.jpeg,test,NORMAL,121.74669820919821,64.32327857748979,7.210248823500715,0.1013240231990232,0.0014423076923076924,9.518147468566895,126.17524314413265,67.87172395136267,7.575134172910725,0.00448421556122449,0.00013950892857142856,40.230194091796875
C:\Users\USER\OneDrive\Escritorio\proyecto-imagenes-medicas\data\raw\chest_xray\test\NORMAL\NORMAL2-IM-0117-0001.jpeg,C:\Users\USER\OneDrive\Escritorio\proyecto-imagenes-medicas\data\processed\test\NORMAL\NORMAL2-IM-0117-0001.jpeg,test,NORMAL,129.56074748333137,68.81381910715321,7.318588341403,0.07743905236678895,7.048467523520935e-05,7.860386371612549,127.7715840242347,70.01470712683555,7.630705688621992,0.00015943877551020407,0.0,39.890380859375
C:\Users\USER\OneDrive\Escritorio\proyecto-imagenes-medicas\data\raw\chest_xray\train\PNEUMONIA\person256_virus_537.jpeg,C:\Users\USER\OneDrive\Escritorio\proyecto-imagenes-medicas\data\processed\train\PNEUMONIA\person256_virus_537.jpeg,train,PNEUMONIA,132.87548776268787,61.55185440141335,7.25960277332067,0.01145437759469636,0.00034897660348212275,8.26993465423584,137.32583306760205,59.549335553465674,7.529801389579257,0.0004982461734693878,0.0,33.43657684326172
C:\Users\USER\OneDrive\Escritorio\proyecto-imagenes-medicas\data\raw\chest_xray\train\NORMAL\NORMAL2-IM-0619-0001.jpeg,C:\Users\USER\OneDrive\Escritorio\proyecto-imagenes-medicas\data\processed\train\NORMAL\NORMAL2-IM-0619-0001.jpeg,train,NORMAL,101.05156852745414,52.83690346119288,7.174646697376678,0.09291819770812357,0.0003229898133981928,8.948710441589355,116.15178571428571,60.97433083721311,7.50832520039903,0.0009964923469387755,0.0,41.49708938598633
C:\Users\USER\OneDrive\Escritorio\proyecto-imagenes-medicas\data\raw\chest_xray\train\NORMAL\NORMAL2-IM-1281-0001.jpeg,C:\Users\USER\OneDrive\Escritorio\proyecto-imagenes-medicas\data\processed\train\NORMAL\NORMAL2-IM-1281-0001.jpeg,train,NORMAL,115.05331827958317,65.26244172114528,7.384168156551281,0.10623424293574357,0.00038341546807545493,10.665740013122559,118.3241191007653,67.53989541830752,7.6025852532381,0.0006975446428571429,1.992984693877551e-05,46.08953857421875
C:\Users\USER\OneDrive\Escritorio\proyecto-imagenes-medicas\data\raw\chest_xray\train\PNEUMONIA\person9_bacteria_38.jpeg,C:\Users\USER\OneDrive\Escritorio\proyecto-imagenes-medicas\data\processed\train\PNEUMONIA\person9_bacteria_38.jpeg,train,PNEUMONIA,132.4106758822022,53.865933077842186,7.343686406113699,0.0009048521121604803,0.00015671901310491252,9.648615837097168,136.5383848852041,55.15114213476413,7.601814114104339,0.0,0.0,35.09352111816406
C:\Users\USER\OneDrive\Escritorio\proyecto-imagenes-medicas\data\raw\chest_xray\train\PNEUMONIA\person585_bacteria_2414.jpeg,C:\Users\USER\OneDrive\Escritorio\proyecto-imagenes-medicas\data\processed\train\PNEUMONIA\person585_bacteria_2414.jpeg,train,PNEUMONIA,113.42561794354839,55.73058062234079,7.468244927981263,0.00010584677419354838,0.00017439516129032258,9.064177513122559,125.04145408163265,56.211700356825574,7.623899581263197,0.0,0.0,33.44557571411133
C:\Users\USER\OneDrive\Escritorio\proyecto-imagenes-medicas\data\raw\chest_xray\train\PNEUMONIA\person62_bacteria_300.jpeg,C:\Users\USER\OneDrive\Escritorio\proyecto-imagenes-medicas\data\processed\train\PNEUMONIA\person62_bacteria_300.jpeg,train,PNEUMONIA,135.6906197786132,53.27952756109864,7.385818086755488,0.0009348290598290599,0.00017772797378060536,11.329557418823242,140.0526347257653,56.76412753577865,7.612395352032677,1.992984693877551e-05,0.0,38.58774948120117
C:\Users\USER\OneDrive\Escritorio\proyecto-imagenes-medicas\data\raw\chest_xray\train\NORMAL\NORMAL2-IM-0930-0001.jpeg,C:\Users\USER\OneDrive\Escritorio\proyecto-imagenes-medicas\data\processed\train\NORMAL\NORMAL2-IM-0930-0001.jpeg,train,NORMAL,115.82312600531246,65.30423815721052,7.264348240749161,0.1200956898557886,0.0005330911185994466,11.059752464294434,116.21131616709184,66.47225522410301,7.511701772792101,0.0004982461734693878,7.971938775510203e-05,43.35139465332031
C:\Users\USER\OneDrive\Escritorio\proyecto-imagenes-medicas\data\raw\chest_xray\test\PNEUMONIA\person78_bacteria_380.jpeg,C:\Users\USER\OneDrive\Escritorio\proyecto-imagenes-medicas\data\processed\test\PNEUMONIA\person78_bacteria_380.jpeg,test,PNEUMONIA,132.1564345865262,49.43534168655234,7.310243670732688,0.0010875638569604086,0.0003866339399744572,10.086565971374512,137.51550542091837,50.66400337102637,7.541491359302432,5.978954081632653e-05,0.0,32.87971115112305
C:\Users\USER\OneDrive\Escritorio\proyecto-imagenes-medicas\data\raw\chest_xray\train\PNEUMONIA\person1449_virus_2474.jpeg,C:\Users\USER\OneDrive\Escritorio\proyecto-imagenes-medicas\data\processed\train\PNEUMONIA\person1449_virus_2474.jpeg,train,PNEUMONIA,125.29080171130953,44.533876228207916,7.24106702548664,0.0003292410714285714,0.00032738095238095237,8.727869987487793,132.19391741071428,46.74761670973584,7.394941497909073,0.0,0.0,28.30936050415039
C:\Users\USER\OneDrive\Escritorio\proyecto-imagenes-medicas\data\raw\chest_xray\train\PNEUMONIA\person61_bacteria_295.jpeg,C:\Users\USER\OneDrive\Escritorio\proyecto-imagenes-medicas\data\processed\train\PNEUMONIA\person61_bacteria_295.jpeg,train,PNEUMONIA,125.33516940078951,56.855434158448155,7.455998581947375,0.006329835766423358,0.00018504208252644123,11.012544631958008,131.35170200892858,62.75238177233795,7.724419461036472,0.00033880739795918367,0.0,41.295257568359375
C:\Users\USER\OneDrive\Escritorio\proyecto-imagenes-medicas\data\raw\chest_xray\train\PNEUMONIA\person1140_bacteria_3083.jpeg,C:\Users\USER\OneDrive\Escritorio\proyecto-imagenes-medicas\data\processed\train\PNEUMONIA\person1140_bacteria_3083.jpeg,train,PNEUMONIA,147.13659031320861,48.9137418789728,7.305085254709846,0.0008625194869614513,0.00018933354591836734,11.713955879211426,144.16573660714286,54.97719656681705,7.646989859773939,0.0,0.0,40.08787536621094
C:\Users\USER\OneDrive\Escritorio\proyecto-imagenes-medicas\data\raw\chest_xray\train\PNEUMONIA\person257_virus_538.jpeg,C:\Users\USER\OneDrive\Escritorio\proyecto-imagenes-medicas\data\processed\train\PNEUMONIA\person257_virus_538.jpeg,train,PNEUMONIA,140.3787722441918,50.059278153272196,7.307766544575998,0.0077738816114681164,0.0004943153732081067,9.257086753845215,141.9381776147959,51.59406853411932,7.570014500717923,0.0007374043367346938,0.0,35.57675552368164
C:\Users\USER\OneDrive\Escritorio\proyecto-imagenes-medicas\data\raw\chest_xray\train\NORMAL\NORMAL2-IM-0811-0001.jpeg,C:\Users\USER\OneDrive\Escritorio\proyecto-imagenes-medicas\data\processed\train\NORMAL\NORMAL2-IM-0811-0001.jpeg,train,NORMAL,144.71108479880672,62.997467620432154,7.383325509791176,0.07040501780872523,0.00036288327095051895,9.32275104522705,135.6643215880102,63.15168396416759,7.58269427062966,0.0005779655612244898,3.985969387755102e-05,40.42961120605469
C:\Users\USER\OneDrive\Escritorio\proyecto-imagenes-medicas\data\raw\chest_xray\test\NORMAL\NORMAL2-IM-0325-0001.jpeg,C:\Users\USER\OneDrive\Escritorio\proyecto-imagenes-medicas\data\processed\test\NORMAL\NORMAL2-IM-0325-0001.jpeg,test,NORMAL,113.66698856514287,66.93668289536353,7.209525362061523,0.1339859771643942,0.0002776640829517451,9.054326057434082,115.0667649872449,68.5765629380823,7.453616041830582,0.00033880739795918367,0.0,39.78285217285156
C:\Users\USER\OneDrive\Escritorio\proyecto-imagenes-medicas\data\raw\chest_xray\train\NORMAL\IM-0143-0001.jpeg,C:\Users\USER\OneDrive\Escritorio\proyecto-imagenes-medicas\data\processed\train\NORMAL\IM-0143-0001.jpeg,train,NORMAL,126.41026558539605,69.48443467029912,7.161329532603762,0.13256829588283928,0.0003529785078543176,9.404263496398926,121.01869419642857,70.10504890769992,7.463381285752527,0.0016541772959183674,0.0,44.60373306274414
C:\Users\USER\OneDrive\Escritorio\proyecto-imagenes-medicas\data\raw\chest_xray\test\PNEUMONIA\person21_virus_52.jpeg,C:\Users\USER\OneDrive\Escritorio\proyecto-imagenes-medicas\data\processed\test\PNEUMONIA\person21_virus_52.jpeg,test,PNEUMONIA,139.1533228818812,54.81428542384111,7.363778464344247,0.026498225941105038,0.0007360288909127706,7.3122334480285645,144.52808115433675,55.67720306695987,7.439665551915943,0.003567442602040816,7.971938775510203e-05,34.739620208740234
C:\Users\USER\OneDrive\Escritorio\proyecto-imagenes-medicas\data\raw\chest_xray\test\PNEUMONIA\person99_bacteria_473.jpeg,C:\Users\USER\OneDrive\Escritorio\proyecto-imagenes-medicas\data\processed\test\PNEUMONIA\person99_bacteria_473.jpeg,test,PNEUMONIA,131.6830264813615,49.515017554975024,7.366266491194813,0.0014662551081431278,0.00013782642280474433,9.766493797302246,137.51456871811226,55.43493729953127,7.640144486479929,1.992984693877551e-05,0.0,38.26233673095703
C:\Users\USER\OneDrive\Escritorio\proyecto-imagenes-medicas\data\raw\chest_xray\test\PNEUMONIA\person117_bacteria_553.jpeg,C:\Users\USER\OneDrive\Escritorio\proyecto-imagenes-medicas\data\processed\test\PNEUMONIA\person117_bacteria_553.jpeg,test,PNEUMONIA,115.77557537438052,51.60963447763449,7.297138889814734,0.0028061705451411334,9.763520792932558e-05,9.60269832611084,124.36820392219387,52.16901642320165,7.600720650711288,3.985969387755102e-05,0.0,32.4133415222168
C:\Users\USER\OneDrive\Escritorio\proyecto-imagenes-medicas\data\raw\chest_xray\train\NORMAL\NORMAL2-IM-0949-0001.jpeg,C:\Users\USER\OneDrive\Escritorio\proyecto-imagenes-medicas\data\processed\train\NORMAL\NORMAL2-IM-0949-0001.jpeg,train,NORMAL,130.92243090923193,55.97523159781064,7.6444348172345435,0.019987849331713246,0.0005644459381436192,10.602944374084473,134.7442004145408,58.986356241614374,7.778249298962667,0.0006776147959183673,0.0001992984693877551,43.70085906982422
C:\Users\USER\OneDrive\Escritorio\proyecto-imagenes-medicas\data\raw\chest_xray\train\PNEUMONIA\person684_bacteria_2580.jpeg,C:\Users\USER\OneDrive\Escritorio\proyecto-imagenes-medicas\data\processed\train\PNEUMONIA\person684_bacteria_2580.jpeg,train,PNEUMONIA,130.76533914611542,59.42126379611955,7.241956636938109,0.001216453094777563,0.00020903852353320438,8.445883750915527,133.5359335140306,55.60208719144745,7.578350344264162,0.0,0.0,30.1462345123291
C:\Users\USER\OneDrive\Escritorio\proyecto-imagenes-medicas\data\raw\chest_xray\train\PNEUMONIA\person935_virus_1597.jpeg,C:\Users\USER\OneDrive\Escritorio\proyecto-imagenes-medicas\data\processed\train\PNEUMONIA\person935_virus_1597.jpeg,train,PNEUMONIA,120.15677150877073,58.276718433309384,7.403901663241662,0.015324252610743294,0.000670815985256979,10.786434173583984,123.36744658801021,59.35448262369611,7.743493316333421,0.00025908801020408165,0.0,36.44581985473633
C:\Users\USER\OneDrive\Escritorio\proyecto-imagenes-medicas\data\raw\chest_xray\train\PNEUMONIA\person427_bacteria_1866.jpeg,C:\Users\USER\OneDrive\Escritorio\proyecto-imagenes-medicas\data\processed\train\PNEUMONIA\person427_bacteria_1866.jpeg,train,PNEUMONIA,137.63879255989912,45.18999484001818,7.320537606180707,0.00011493799915931064,0.0002528635981504834,9.981359481811523,140.90694754464286,50.41112160034314,7.537023422627419,0.0,0.0,34.62648391723633
C:\Users\USER\OneDrive\Escritorio\proyecto-imagenes-medicas\data\raw\chest_xray\train\PNEUMONIA\person1614_bacteria_4248.jpeg,C:\Users\USER\OneDrive\Escritorio\proyecto-imagenes-medicas\data\processed\train\PNEUMONIA\person1614_bacteria_4248.jpeg,train,PNEUMONIA,134.90837727374176,68.51669933637315,7.333598834980334,0.06871966019417476,0.0010610213703827697,10.732686042785645,134.03280452806123,68.02231395787979,7.645445644242571,0.0014349489795918368,0.0,39.171321868896484
C:\Users\USER\OneDrive\Escritorio\proyecto-imagenes-medicas\data\raw\chest_xray\test\PNEUMONIA\person117_bacteria_557.jpeg,C:\Users\USER\OneDrive\Escritorio\proyecto-imagenes-medicas\data\processed\test\PNEUMONIA\person117_bacteria_557.jpeg,test,PNEUMONIA,92.88482021147486,66.14422167433789,6.941669966607144,0.18862157561983367,0.00027287883432142884,13.02910041809082,99.57015306122449,70.29038300978874,7.229912773842312,0.00045838647959183676,3.985969387755102e-05,43.0798454284668
C:\Users\USER\OneDrive\Escritorio\proyecto-imagenes-medicas\data\raw\chest_xray\test\PNEUMONIA\person81_bacteria_395.jpeg,C:\Users\USER\OneDrive\Escritorio\proyecto-imagenes-medicas\data\processed\test\PNEUMONIA\person81_bacteria_395.jpeg,test,PNEUMONIA,129.35573066870944,53.41631179596923,7.415121530854465,0.0016146959865416966,0.0003248167507810622,10.508811950683594,132.7654655612245,53.45561514147182,7.610725502781358,5.978954081632653e-05,1.992984693877551e-05,34.9658317565918
C:\Users\USER\OneDrive\Escritorio\proyecto-imagenes-medicas\data\raw\chest_xray\test\PNEUMONIA\person108_bacteria_506.jpeg,C:\Users\USER\OneDrive\Escritorio\proyecto-imagenes-medicas\data\processed\test\PNEUMONIA\person108_bacteria_506.jpeg,test,PNEUMONIA,149.59904590273413,55.30718393035647,7.178711888139397,0.0005499685732243872,0.0001530418499895244,11.324313163757324,146.58272879464286,57.7964533357492,7.563322523139004,0.0,0.0,38.43667984008789
C:\Users\USER\OneDrive\Escritorio\proyecto-imagenes-medicas\data\raw\chest_xray\train\NORMAL\NORMAL2-IM-1406-0001.jpeg,C:\Users\USER\OneDrive\Escritorio\proyecto-imagenes-medicas\data\processed\train\NORMAL\NORMAL2-IM-1406-0001.jpeg,train,NORMAL,128.96098175685748,73.19725800262933,7.172651822469041,0.11665719414629298,0.00044179213873981314,8.8383207321167,129.11326132015307,71.74798661777008,7.491467498013181,0.003985969387755102,0.0,35.34638977050781
C:\Users\USER\OneDrive\Escritorio\proyecto-imagenes-medicas\data\raw\chest_xray\train\PNEUMONIA\person403_virus_803.jpeg,C:\Users\USER\OneDrive\Escritorio\proyecto-imagenes-medicas\data\processed\train\PNEUMONIA\person403_virus_803.jpeg,train,PNEUMONIA,130.0376602111682,40.344211124699186,6.978853283131379,0.00014680142284455988,0.0,12.645426750183105,140.6769571109694,45.33040304263142,7.2511308561429235,0.0,0.0,27.900409698486328
C:\Users\USER\OneDrive\Escritorio\proyecto-imagenes-medicas\data\raw\chest_xray\train\PNEUMONIA\person1702_bacteria_4510.jpeg,C:\Users\USER\OneDrive\Escritorio\proyecto-imagenes-medicas\data\processed\train\PNEUMONIA\person1702_bacteria_4510.jpeg,train,PNEUMONIA,122.02685005543238,44.999806479826916,7.2266868299907845,0.021609176577302963,0.0009621926022979238,10.041869163513184,130.95964205994898,49.294281668981746,7.473652407003198,0.001634247448979592,0.0,32.61860656738281
C:\Users\USER\OneDrive\Escritorio\proyecto-imagenes-medicas\data\raw\chest_xray\train\PNEUMONIA\person510_bacteria_2148.jpeg,C:\Users\USER\OneDrive\Escritorio\proyecto-imagenes-medicas\data\processed\train\PNEUMONIA\person510_bacteria_2148.jpeg,train,PNEUMONIA,92.30014813981398,51.80303082232057,7.380424546351156,0.0005578682868286829,0.00016595409540954095,7.853289604187012,107.95659279336735,54.58929364746542,7.561531095903556,0.0,0.0,30.484691619873047
C:\Users\USER\OneDrive\Escritorio\proyecto-imagenes-medicas\data\raw\chest_xray\train\PNEUMONIA\person585_bacteria_2412.jpeg,C:\Users\USER\OneDrive\Escritorio\proyecto-imagenes-medicas\data\processed\train\PNEUMONIA\person585_bacteria_2412.jpeg,train,PNEUMONIA,122.17737630208333,51.68271200994018,7.470043802569605,0.00022112966954022988,0.00018970007183908045,9.272615432739258,132.66970264668367,54.3017614949841,7.573280629864399,0.0,0.0,33.07379913330078
C:\Users\USER\OneDrive\Escritorio\proyecto-imagenes-medicas\data\raw\chest_xray\test\NORMAL\IM-0036-0001.jpeg,C:\Users\USER\OneDrive\Escritorio\proyecto-imagenes-medicas\data\processed\test\NORMAL\IM-0036-0001.jpeg,test,NORMAL,154.14201588804667,70.16179179079029,7.698999748899021,0.010342640444168502,0.0054412763144377095,10.55429458618164,134.9473652742347,69.30707139191249,7.925801514193111,0.00033880739795918367,0.0011160714285714285,46.208187103271484
C:\Users\USER\OneDrive\Escritorio\proyecto-imagenes-medicas\data\raw\chest_xray\train\PNEUMONIA\person260_bacteria_1222.jpeg,C:\Users\USER\OneDrive\Escritorio\proyecto-imagenes-medicas\data\processed\train\PNEUMONIA\person260_bacteria_1222.jpeg,train,PNEUMONIA,109.76385776314868,55.58374693695747,7.42622005909092,0.0032226083759366903,0.0012781007073324462,10.168984413146973,123.73983577806122,54.327992123414674,7.5789608403903,7.971938775510203e-05,0.00023915816326530612,32.375770568847656
C:\Users\USER\OneDrive\Escritorio\proyecto-imagenes-medicas\data\raw\chest_xray\train\PNEUMONIA\person801_virus_1434.jpeg,C:\Users\USER\OneDrive\Escritorio\proyecto-imagenes-medicas\data\processed\train\PNEUMONIA\person801_virus_1434.jpeg,train,PNEUMONIA,131.33754451319967,57.019758960489355,7.443764959874405,0.05506686179819173,0.000265380761239406,10.215252876281738,130.35764110331633,60.57148666673549,7.637359316512235,0.0001992984693877551,0.0,41.92754364013672
C:\Users\USER\OneDrive\Escritorio\proyecto-imagenes-medicas\data\raw\chest_xray\train\NORMAL\NORMAL2-IM-0463-0001.jpeg,C:\Users\USER\OneDrive\Escritorio\proyecto-imagenes-medicas\data\processed\train\NORMAL\NORMAL2-IM-0463-0001.jpeg,train,NORMAL,123.22020837149611,64.5050204583886,7.343200130237165,0.09899922283415151,0.000410261190592066,10.906856536865234,120.9229512117347,63.51198849622354,7.537061991104557,0.0007971938775510204,3.985969387755102e-05,41.31498718261719
C:\Users\USER\OneDrive\Escritorio\proyecto-imagenes-medicas\data\raw\chest_xray\train\PNEUMONIA\person124_virus_234.jpeg,C:\Users\USER\OneDrive\Escritorio\proyecto-imagenes-medicas\data\processed\train\PNEUMONIA\person124_virus_234.jpeg,train,PNEUMONIA,79.62769756274469,58.67228757729755,7.31013390127181,0.029553031494686802,0.000364299321868009,7.404994964599609,100.9502949617347,60.611365635539755,7.566446673284451,0.0006576849489795918,0.0,30.282609939575195
C:\Users\USER\OneDrive\Escritorio\proyecto-imagenes-medicas\data\raw\chest_xray\train\NORMAL\NORMAL2-IM-0931-0001.jpeg,C:\Users\USER\OneDrive\Escritorio\proyecto-imagenes-medicas\data\processed\train\NORMAL\NORMAL2-IM-0931-0001.jpeg,train,NORMAL,121.61934758925895,50.78299889787375,7.515316217594252,0.017650661988856283,0.0006142339474994471,10.72529411315918,128.87157206632654,57.383819240848396,7.766252516879515,7.971938775510203e-05,0.00013950892857142856,44.513431549072266
C:\Users\USER\OneDrive\Escritorio\proyecto-imagenes-medicas\data\raw\chest_xray\test\PNEUMONIA\person1675_virus_2891.jpeg,C:\Users\USER\OneDrive\Escritorio\proyecto-imagenes-medicas\data\processed\test\PNEUMONIA\person1675_virus_2891.jpeg,test,PNEUMONIA,104.8308540723982,75.22593912533965,6.452707152087454,0.2411764705882353,0.0005050096961861668,9.839921951293945,106.73054846938776,75.65832946074752,6.8582614342545245,0.0018136160714285715,0.0,32.88948059082031
C:\Users\USER\OneDrive\Escritorio\proyecto-imagenes-medicas\data\raw\chest_xray\train\PNEUMONIA\person389_bacteria_1778.jpeg,C:\Users\USER\OneDrive\Escritorio\proyecto-imagenes-medicas\data\processed\train\PNEUMONIA\person389_bacteria_1778.jpeg,train,PNEUMONIA,166.83171945831182,43.72613301644168,6.560833933598315,6.276180639237965e-05,0.00015600791874677226,7.697211265563965,160.39881616709184,49.23967187528294,7.199358199691124,0.0,0.0,29.945735931396484
C:\Users\USER\OneDrive\Escritorio\proyecto-imagenes-medicas\data\raw\chest_xray\train\PNEUMONIA\person394_bacteria_1792.jpeg,C:\Users\USER\OneDrive\Escritorio\proyecto-imagenes-medicas\data\processed\train\PNEUMONIA\person394_bacteria_1792.jpeg,train,PNEUMONIA,124.00638336797896,50.87401735453076,7.253897265837249,0.0021224864245715253,0.0002320019514678432,7.2051215171813965,131.48433514030611,48.83835809860711,7.440211054827368,3.985969387755102e-05,0.0,27.10324478149414
C:\Users\USER\OneDrive\Escritorio\proyecto-imagenes-medicas\data\raw\chest_xray\train\NORMAL\NORMAL2-IM-0496-0001.jpeg,C:\Users\USER\OneDrive\Escritorio\proyecto-imagenes-medicas\data\processed\train\NORMAL\NORMAL2-IM-0496-0001.jpeg,train,NORMAL,119.86208106923581,62.97134611806456,7.3110306443335045,0.10248313804886185,0.00043391162359548383,11.416243553161621,120.34648038903062,64.87368076718494,7.553120906374337,0.00047831632653061223,3.985969387755102e-05,43.18301010131836
C:\Users\USER\OneDrive\Escritorio\proyecto-imagenes-medicas\data\raw\chest_xray\train\PNEUMONIA\person1141_bacteria_3085.jpeg,C:\Users\USER\OneDrive\Escritorio\proyecto-imagenes-medicas\data\processed\train\PNEUMONIA\person1141_bacteria_3085.jpeg,train,PNEUMONIA,126.21939696333078,52.446907978562706,7.406753921615795,0.0034496753246753245,0.00033183728036669213,9.269956588745117,131.4826211734694,51.55749914788878,7.524726757202294,1.992984693877551e-05,0.0,29.372404098510742
C:\Users\USER\OneDrive\Escritorio\proyecto-imagenes-medicas\data\raw\chest_xray\train\PNEUMONIA\person23_bacteria_107.jpeg,C:\Users\USER\OneDrive\Escritorio\proyecto-imagenes-medicas\data\processed\train\PNEUMONIA\person23_bacteria_107.jpeg,train,PNEUMONIA,100.74176198257081,48.955144662674094,7.372591970436332,0.00030296840958605667,0.00019290123456790122,9.268202781677246,115.49673150510205,54.05551252914803,7.6136333382310895,0.0,0.0,35.596153259277344
C:\Users\USER\OneDrive\Escritorio\proyecto-imagenes-medicas\data\raw\chest_xray\train\NORMAL\IM-0272-0001.jpeg,C:\Users\USER\OneDrive\Escritorio\proyecto-imagenes-medicas\data\processed\train\NORMAL\IM-0272-0001.jpeg,train,NORMAL,130.292336403588,56.03915097940427,7.637549899478246,0.02363220428959999,0.00039896891982859115,10.454730033874512,128.87796954719389,58.57991653156714,7.798744346884245,0.0012157206632653062,0.0,41.43266296386719
C:\Users\USER\OneDrive\Escritorio\proyecto-imagenes-medicas\data\raw\chest_xray\train\PNEUMONIA\person460_bacteria_1958.jpeg,C:\Users\USER\OneDrive\Escritorio\proyecto-imagenes-medicas\data\processed\train\PNEUMONIA\person460_bacteria_1958.jpeg,train,PNEUMONIA,124.04129493571241,51.01448060220835,7.483850133075233,0.0003853975334557859,0.00017117390448701127,9.45956802368164,132.89076450892858,55.3038140087543,7.61138741814798,0.0,0.0,36.192474365234375
C:\Users\USER\OneDrive\Escritorio\proyecto-imagenes-medicas\data\raw\chest_xray\train\PNEUMONIA\person455_bacteria_1947.jpeg,C:\Users\USER\OneDrive\Escritorio\proyecto-imagenes-medicas\data\processed\train\PNEUMONIA\person455_bacteria_1947.jpeg,train,PNEUMONIA,146.59870892693016,45.958814074196546,7.2129095378598835,0.0008889590992647059,0.0002470128676470588,9.630509376525879,143.9734733737245,48.98514384854181,7.477863111510414,0.0,0.0,31.545469284057617
C:\Users\USER\OneDrive\Escritorio\proyecto-imagenes-medicas\data\raw\chest_xray\train\PNEUMONIA\person253_bacteria_1156.jpeg,C:\Users\USER\OneDrive\Escritorio\proyecto-imagenes-medicas\data\processed\train\PNEUMONIA\person253_bacteria_1156.jpeg,train,PNEUMONIA,130.67976266148983,43.31518594132488,7.261562207042191,0.0006893382352941177,0.0003478903243540407,9.72339153289795,137.21320950255102,46.587609456225344,7.437874154793748,1.992984693877551e-05,1.992984693877551e-05,30.00113296508789
C:\Users\USER\OneDrive\Escritorio\proyecto-imagenes-medicas\data\raw\chest_xray\train\PNEUMONIA\person1358_virus_2339.jpeg,C:\Users\USER\OneDrive\Escritorio\proyecto-imagenes-medicas\data\processed\train\PNEUMONIA\person1358_virus_2339.jpeg,train,PNEUMONIA,145.09989555481283,70.15003086745101,7.370338942962967,0.08572359625668449,0.0007691343582887701,10.256420135498047,136.82116948341837,71.58063561776699,7.685570554401032,0.002690529336734694,5.978954081632653e-05,43.28350830078125
C:\Users\USER\OneDrive\Escritorio\proyecto-imagenes-medicas\data\raw\chest_xray\test\PNEUMONIA\person1640_virus_2839.jpeg,C:\Users\USER\OneDrive\Escritorio\proyecto-imagenes-medicas\data\processed\test\PNEUMONIA\person1640_virus_2839.jpeg,test,PNEUMONIA,125.00044967781784,61.561615844716414,7.4425856064108125,0.05523525140224359,0.00030361077724358975,9.916356086730957,132.18249760841837,62.372854068842116,7.621980406358509,0.003168845663265306,0.0,37.89804458618164
C:\Users\USER\OneDrive\Escritorio\proyecto-imagenes-medicas\data\raw\chest_xray\train\NORMAL\NORMAL2-IM-0888-0001.jpeg,C:\Users\USER\OneDrive\Escritorio\proyecto-imagenes-medicas\data\processed\train\NORMAL\NORMAL2-IM-0888-0001.jpeg,train,NORMAL,127.44489377289378,67.5634847045404,7.247236576232024,0.11975757575757576,0.000352980352980353,7.2091193199157715,123.11290258290816,68.6793795174054,7.480920348794642,0.00033880739795918367,0.0,42.484214782714844
C:\Users\USER\OneDrive\Escritorio\proyecto-imagenes-medicas\data\raw\chest_xray\train\PNEUMONIA\person543_virus_1073.jpeg,C:\Users\USER\OneDrive\Escritorio\proyecto-imagenes-medicas\data\processed\train\PNEUMONIA\person543_virus_1073.jpeg,train,PNEUMONIA,134.76705588437125,68.63398713176845,6.974032422482263,0.12872222937038943,0.0011939226282381198,8.462569236755371,134.06915656887756,70.04283492993443,7.296842542026049,0.0037468112244897957,0.00023915816326530612,36.06553268432617
C:\Users\USER\OneDrive\Escritorio\proyecto-imagenes-medicas\data\raw\chest_xray\train\PNEUMONIA\person140_virus_284.jpeg,C:\Users\USER\OneDrive\Escritorio\proyecto-imagenes-medicas\data\processed\train\PNEUMONIA\person140_virus_284.jpeg,train,PNEUMONIA,131.2201112248697,46.271808321684254,7.269175878063278,0.0001586156614544552,0.0002497517994539588,6.494890213012695,136.7537468112245,53.573826824219935,7.573598204246103,0.0,0.0,34.748538970947266
C:\Users\USER\OneDrive\Escritorio\proyecto-imagenes-medicas\data\raw\chest_xray\test\NORMAL\IM-0033-0001-0002.jpeg,C:\Users\USER\OneDrive\Escritorio\proyecto-imagenes-medicas\data\processed\test\NORMAL\IM-0033-0001-0002.jpeg,test,NORMAL,147.57815742678275,54.997358716076064,7.665180470036123,0.0012045002454209616,0.00019698261386240926,10.120386123657227,136.5016940369898,59.95139630571784,7.838759426573954,0.0,1.992984693877551e-05,46.6677131652832
C:\Users\USER\OneDrive\Escritorio\proyecto-imagenes-medicas\data\raw\chest_xray\train\NORMAL\IM-0172-0001.jpeg,C:\Users\USER\OneDrive\Escritorio\proyecto-imagenes-medicas\data\processed\train\NORMAL\IM-0172-0001.jpeg,train,NORMAL,141.0344629017016,57.54251178710032,7.556007930646012,0.04146856840993133,0.0006324501558316635,8.953173637390137,136.88498485331633,60.132869868117744,7.710049965848446,0.0006178252551020409,5.978954081632653e-05,41.72054672241211
C:\Users\USER\OneDrive\Escritorio\proyecto-imagenes-medicas\data\raw\chest_xray\train\PNEUMONIA\person809_bacteria_2718.jpeg,C:\Users\USER\OneDrive\Escritorio\proyecto-imagenes-medicas\data\processed\train\PNEUMONIA\person809_bacteria_2718.jpeg,train,PNEUMONIA,133.43732552371725,52.46120875598184,7.388455730194111,0.0020764119601328905,0.00026676125876707273,10.307279586791992,135.95274633290816,53.15724054733774,7.5720281974538395,0.0,0.0,33.33411407470703
C:\Users\USER\OneDrive\Escritorio\proyecto-imagenes-medicas\data\raw\chest_xray\train\PNEUMONIA\person1227_bacteria_3182.jpeg,C:\Users\USER\OneDrive\Escritorio\proyecto-imagenes-medicas\data\processed\train\PNEUMONIA\person1227_bacteria_3182.jpeg,train,PNEUMONIA,98.39946548278816,69.45393035770621,7.240313483968928,0.06944392491165208,0.00010975813834447321,7.6101531982421875,106.78156887755102,70.50457212540967,7.562089028296975,0.0,0.0,35.92458724975586
C:\Users\USER\OneDrive\Escritorio\proyecto-imagenes-medicas\data\raw\chest_xray\train\PNEUMONIA\person1385_bacteria_3524.jpeg,C:\Users\USER\OneDrive\Escritorio\proyecto-imagenes-medicas\data\processed\train\PNEUMONIA\person1385_bacteria_3524.jpeg,train,PNEUMONIA,124.9264878311573,78.47344005401263,7.123627590797749,0.14407719609582964,0.00026639149448599316,10.363210678100586,119.82954001913265,77.09174106538998,7.429301825554908,0.0018734056122448979,1.992984693877551e-05,38.75469970703125
C:\Users\USER\OneDrive\Escritorio\proyecto-imagenes-medicas\data\raw\chest_xray\train\NORMAL\NORMAL2-IM-1116-0001-0002.jpeg,C:\Users\USER\OneDrive\Escritorio\proyecto-imagenes-medicas\data\processed\train\NORMAL\NORMAL2-IM-1116-0001-0002.jpeg,train,NORMAL,126.73438475093228,60.253482840915815,7.538303946712012,0.05961116282337238,0.0003696938829273433,10.119260787963867,129.51863440688774,64.1672334170976,7.691036661800324,0.0008569834183673469,5.978954081632653e-05,46.95979690551758
C:\Users\USER\OneDrive\Escritorio\proyecto-imagenes-medicas\data\raw\chest_xray\train\PNEUMONIA\person1597_bacteria_4192.jpeg,C:\Users\USER\OneDrive\Escritorio\proyecto-imagenes-medicas\data\processed\train\PNEUMONIA\person1597_bacteria_4192.jpeg,train,PNEUMONIA,153.3441479629439,39.60936143581232,6.989461442849738,0.0016791572398190046,0.00033529583161936104,7.269847393035889,151.2003547512755,47.18840822921515,7.362455516936789,7.971938775510203e-05,0.0,31.63973045349121
C:\Users\USER\OneDrive\Escritorio\proyecto-imagenes-medicas\data\raw\chest_xray\train\PNEUMONIA\person549_bacteria_2304.jpeg,C:\Users\USER\OneDrive\Escritorio\proyecto-imagenes-medicas\data\processed\train\PNEUMONIA\person549_bacteria_2304.jpeg,train,PNEUMONIA,112.14631505270093,46.740994197231934,7.319310702811524,0.00029850131752305663,0.00034173254281949934,8.55253791809082,122.6006855867347,46.03099289184465,7.383067537130711,0.0,0.0,26.235410690307617
C:\Users\USER\OneDrive\Escritorio\proyecto-imagenes-medicas\data\raw\chest_xray\test\PNEUMONIA\person139_bacteria_662.jpeg,C:\Users\USER\OneDrive\Escritorio\proyecto-imagenes-medicas\data\processed\test\PNEUMONIA\person139_bacteria_662.jpeg,test,PNEUMONIA,116.79154510309279,55.483099929091225,7.425722959915692,0.0002306701030927835,0.0002345360824742268,8.489099502563477,126.01815609056122,53.03483090214757,7.497418695006922,0.0,0.0,27.45779037475586
C:\Users\USER\OneDrive\Escritorio\proyecto-imagenes-medicas\data\raw\chest_xray\train\PNEUMONIA\person1414_bacteria_3628.jpeg,C:\Users\USER\OneDrive\Escritorio\proyecto-imagenes-medicas\data\processed\train\PNEUMONIA\person1414_bacteria_3628.jpeg,train,PNEUMONIA,126.25312551990905,58.70718190125556,7.352553274980549,0.0008873114463176575,0.0003162780057675244,8.901056289672852,134.5138711734694,60.2349801770307,7.628648096242578,0.0,0.0,35.32258605957031
C:\Users\USER\OneDrive\Escritorio\proyecto-imagenes-medicas\data\raw\chest_xray\train\PNEUMONIA\person374_bacteria_1710.jpeg,C:\Users\USER\OneDrive\Escritorio\proyecto-imagenes-medicas\data\processed\train\PNEUMONIA\person374_bacteria_1710.jpeg,train,PNEUMONIA,103.84804916442262,48.16257631637841,7.439911447105342,0.0005469863773166482,0.000396008236971329,10.02090835571289,116.15776466836735,48.95438683195387,7.49261213724203,1.992984693877551e-05,0.0,28.81776237487793
C:\Users\USER\OneDrive\Escritorio\proyecto-imagenes-medicas\data\raw\chest_xray\train\PNEUMONIA\person360_bacteria_1647.jpeg,C:\Users\USER\OneDrive\Escritorio\proyecto-imagenes-medicas\data\processed\train\PNEUMONIA\person360_bacteria_1647.jpeg,train,PNEUMONIA,117.02808223362659,51.267937722267625,7.455298368805732,0.00019092130987292277,0.0002550708699902248,10.988964080810547,126.94792330994898,57.347916270342736,7.65720094897762,1.992984693877551e-05,0.0,36.79903793334961
C:\Users\USER\OneDrive\Escritorio\proyecto-imagenes-medicas\data\raw\chest_xray\train\PNEUMONIA\person1576_bacteria_4129.jpeg,C:\Users\USER\OneDrive\Escritorio\proyecto-imagenes-medicas\data\processed\train\PNEUMONIA\person1576_bacteria_4129.jpeg,train,PNEUMONIA,113.21581998044883,57.787140270040354,7.348203835698639,0.0403428893233594,0.00043299472968378103,8.832720756530762,120.63113839285714,58.70259755691013,7.604688498912578,0.0012356505102040817,0.0,32.74606704711914
C:\Users\USER\OneDrive\Escritorio\proyecto-imagenes-medicas\data\raw\chest_xray\train\NORMAL\NORMAL2-IM-1102-0001.jpeg,C:\Users\USER\OneDrive\Escritorio\proyecto-imagenes-medicas\data\processed\train\NORMAL\NORMAL2-IM-1102-0001.jpeg,train,NORMAL,131.70497598269358,59.00427235736381,7.404361291745161,0.062173227003283725,0.0003950546447028173,9.015830039978027,131.5738600127551,61.005413535227575,7.579454596899248,0.0004185267857142857,1.992984693877551e-05,42.186832427978516
C:\Users\USER\OneDrive\Escritorio\proyecto-imagenes-medicas\data\raw\chest_xray\train\PNEUMONIA\person732_bacteria_2634.jpeg,C:\Users\USER\OneDrive\Escritorio\proyecto-imagenes-medicas\data\processed\train\PNEUMONIA\person732_bacteria_2634.jpeg,train,PNEUMONIA,137.79440568550254,48.517229707956176,7.259579081218493,5.427860120426123e-05,0.00013605836035201482,9.668354988098145,136.67492426658163,51.78399794910391,7.484856543121517,0.0,0.0,34.33259201049805
C:\Users\USER\OneDrive\Escritorio\proyecto-imagenes-medicas\data\raw\chest_xray\train\PNEUMONIA\person834_bacteria_2747.jpeg,C:\Users\USER\OneDrive\Escritorio\proyecto-imagenes-medicas\data\processed\train\PNEUMONIA\person834_bacteria_2747.jpeg,train,PNEUMONIA,131.47635892857141,59.08815555434124,7.308384847362224,0.0011375,0.0002928571428571429,10.930754661560059,133.30470742984693,56.83984222694034,7.651048207308016,0.0,1.992984693877551e-05,33.87921142578125
C:\Users\USER\OneDrive\Escritorio\proyecto-imagenes-medicas\data\raw\chest_xray\train\PNEUMONIA\person470_bacteria_2000.jpeg,C:\Users\USER\OneDrive\Escritorio\proyecto-imagenes-medicas\data\processed\train\PNEUMONIA\person470_bacteria_2000.jpeg,train,PNEUMONIA,129.34853784403668,47.13792244404609,7.293313394404675,0.00020068807339449542,0.0011754587155963303,8.3623628616333,134.91820790816325,49.8562970671468,7.492760568575221,0.0,0.0003587372448979592,31.035686492919922
C:\Users\USER\OneDrive\Escritorio\proyecto-imagenes-medicas\data\raw\chest_xray\train\NORMAL\NORMAL2-IM-0821-0001.jpeg,C:\Users\USER\OneDrive\Escritorio\proyecto-imagenes-medicas\data\processed\train\NORMAL\NORMAL2-IM-0821-0001.jpeg,train,NORMAL,113.86221142420952,59.45947644223753,7.645995250908372,0.04361693866816696,0.00039082359387751216,11.074710845947266,124.44467474489795,62.32784044243944,7.767954537652584,0.00047831632653061223,3.985969387755102e-05,45.68598175048828
C:\Users\USER\OneDrive\Escritorio\proyecto-imagenes-medicas\data\raw\chest_xray\train\PNEUMONIA\person1595_bacteria_4183.jpeg,C:\Users\USER\OneDrive\Escritorio\proyecto-imagenes-medicas\data\processed\train\PNEUMONIA\person1595_bacteria_4183.jpeg,train,PNEUMONIA,110.37903248587571,72.581144839002,6.874314905686641,0.17657044491525423,0.00022510593220338983,7.867516040802002,113.6842115752551,73.9757561277137,7.28546371694422,0.002889827806122449,0.0,34.38103485107422
C:\Users\USER\OneDrive\Escritorio\proyecto-imagenes-medicas\data\raw\chest_xray\train\PNEUMONIA\person1585_bacteria_4149.jpeg,C:\Users\USER\OneDrive\Escritorio\proyecto-imagenes-medicas\data\processed\train\PNEUMONIA\person1585_bacteria_4149.jpeg,train,PNEUMONIA,74.19102324886215,43.73763889891852,7.192268262012725,0.03743346447581578,0.0008232565764097816,9.889708518981934,97.65832270408163,53.209873357271604,7.599243733213697,0.00045838647959183676,0.0,33.887428283691406
C:\Users\USER\OneDrive\Escritorio\proyecto-imagenes-medicas\data\raw\chest_xray\train\PNEUMONIA\person542_bacteria_2276.jpeg,C:\Users\USER\OneDrive\Escritorio\proyecto-imagenes-medicas\data\processed\train\PNEUMONIA\person542_bacteria_2276.jpeg,train,PNEUMONIA,124.5018149531246,30.221649955653138,6.790481253347872,0.00040622452029236557,0.0,7.213286876678467,130.41286670918367,35.07730593768218,7.054805596260101,0.0,0.0,23.44051742553711
C:\Users\USER\OneDrive\Escritorio\proyecto-imagenes-medicas\data\raw\chest_xray\train\PNEUMONIA\person409_bacteria_1824.jpeg,C:\Users\USER\OneDrive\Escritorio\proyecto-imagenes-medicas\data\processed\train\PNEUMONIA\person409_bacteria_1824.jpeg,train,PNEUMONIA,96.18319430487573,65.59253262261684,6.951180493445214,0.18018682399213373,0.00024942281579449723,9.453289031982422,103.91216916454081,70.62363162525342,7.255621566658974,0.0009765625,0.0,43.483741760253906
C:\Users\USER\OneDrive\Escritorio\proyecto-imagenes-medicas\data\raw\chest_xray\train\PNEUMONIA\person1207_bacteria_3159.jpeg,C:\Users\USER\OneDrive\Escritorio\proyecto-imagenes-medicas\data\processed\train\PNEUMONIA\person1207_bacteria_3159.jpeg,train,PNEUMONIA,110.65743672711332,44.379595303429575,7.312099123410059,0.005116048357327427,0.0002408061092654116,8.252213478088379,121.57270408163265,47.22856175145938,7.495242440388821,7.971938775510203e-05,0.0,30.623069763183594
C:\Users\USER\OneDrive\Escritorio\proyecto-imagenes-medicas\data\raw\chest_xray\train\NORMAL\NORMAL2-IM-0957-0001.jpeg,C:\Users\USER\OneDrive\Escritorio\proyecto-imagenes-medicas\data\processed\train\NORMAL\NORMAL2-IM-0957-0001.jpeg,train,NORMAL,143.55054380797287,75.77974852372535,7.623637149724907,0.00613579450649791,0.0005543709267437787,8.376838684082031,131.08488121811226,70.95573513305267,7.838335281052646,9.964923469387755e-05,0.0,41.060096740722656
C:\Users\USER\OneDrive\Escritorio\proyecto-imagenes-medicas\data\raw\chest_xray\train\NORMAL\IM-0324-0001.jpeg,C:\Users\USER\OneDrive\Escritorio\proyecto-imagenes-medicas\data\processed\train\NORMAL\IM-0324-0001.jpeg,train,NORMAL,117.48927500004483,57.10601083234154,7.461381889351966,0.028460430829040165,0.0004169139758530598,10.050809860229492,118.94453523596938,56.32127829464508,7.702516851402718,0.00033880739795918367,1.992984693877551e-05,35.9298210144043
C:\Users\USER\OneDrive\Escritorio\proyecto-imagenes-medicas\data\raw\chest_xray\train\NORMAL\NORMAL2-IM-1198-0001.jpeg,C:\Users\USER\OneDrive\Escritorio\proyecto-imagenes-medicas\data\processed\train\NORMAL\NORMAL2-IM-1198-0001.jpeg,train,NORMAL,125.597886847794,62.42676036897729,7.431919894747797,0.08399041986877315,0.00033425706368025597,8.873612403869629,125.95085299744898,63.972135870230105,7.599068346232707,0.0010562818877551021,0.0,42.450286865234375
C:\Users\USER\OneDrive\Escritorio\proyecto-imagenes-medicas\data\raw\chest_xray\train\PNEUMONIA\person1430_bacteria_3696.jpeg,C:\Users\USER\OneDrive\Escritorio\proyecto-imagenes-medicas\data\processed\train\PNEUMONIA\person1430_bacteria_3696.jpeg,train,PNEUMONIA,139.12325285194603,70.68991286861016,6.805196276104498,0.0004856254856254856,4.856254856254856e-05,8.889795303344727,133.98361766581633,71.18218226397302,7.388684390292525,0.0,0.0,35.27189254760742
C:\Users\USER\OneDrive\Escritorio\proyecto-imagenes-medicas\data\raw\chest_xray\test\NORMAL\NORMAL2-IM-0332-0001.jpeg,C:\Users\USER\OneDrive\Escritorio\proyecto-imagenes-medicas\data\processed\test\NORMAL\NORMAL2-IM-0332-0001.jpeg,test,NORMAL,124.77558015110996,54.517210039684265,7.554769648535994,0.03622809892216913,0.0003698084238466232,10.982961654663086,129.42719626913265,59.1744026923109,7.720028833971472,0.00011957908163265306,1.992984693877551e-05,43.86083984375
C:\Users\USER\OneDrive\Escritorio\proyecto-imagenes-medicas\data\raw\chest_xray\test\NORMAL\NORMAL2-IM-0309-0001.jpeg,C:\Users\USER\OneDrive\Escritorio\proyecto-imagenes-medicas\data\processed\test\NORMAL\NORMAL2-IM-0309-0001.jpeg,test,NORMAL,133.03841298982144,61.823943657071396,7.598874470015538,0.0546796309585488,0.0003362821036778643,10.775760650634766,129.8015585140306,63.51256289656131,7.749759650975274,3.985969387755102e-05,5.978954081632653e-05,46.11452865600586
C:\Users\USER\OneDrive\Escritorio\proyecto-imagenes-medicas\data\raw\chest_xray\train\PNEUMONIA\person274_bacteria_1288.jpeg,C:\Users\USER\OneDrive\Escritorio\proyecto-imagenes-medicas\data\processed\train\PNEUMONIA\person274_bacteria_1288.jpeg,train,PNEUMONIA,110.85522532743566,49.97456780589828,7.492148433073424,0.0010900160845588236,0.00013284122242647058,9.137409210205078,122.40644929846938,54.13614683952894,7.653218301523988,1.992984693877551e-05,0.0,36.631553649902344
C:\Users\USER\OneDrive\Escritorio\proyecto-imagenes-medicas\data\raw\chest_xray\train\PNEUMONIA\person637_bacteria_2529.jpeg,C:\Users\USER\OneDrive\Escritorio\proyecto-imagenes-medicas\data\processed\train\PNEUMONIA\person637_bacteria_2529.jpeg,train,PNEUMONIA,118.66001490182329,50.346362393334964,7.4943912873983045,0.0026078190743338008,0.0003155680224403927,13.053193092346191,125.59980867346938,55.49020624795365,7.708038247120443,3.985969387755102e-05,0.0,39.913875579833984
C:\Users\USER\OneDrive\Escritorio\proyecto-imagenes-medicas\data\raw\chest_xray\train\PNEUMONIA\person564_bacteria_2343.jpeg,C:\Users\USER\OneDrive\Escritorio\proyecto-imagenes-medicas\data\processed\train\PNEUMONIA\person564_bacteria_2343.jpeg,train,PNEUMONIA,112.81752413056293,49.94543108509531,7.446842013066991,0.0007091806660772178,0.000259418901660281,10.059520721435547,125.4321588010204,53.368128954172356,7.599498226852035,0.0,0.0,33.75685501098633
C:\Users\USER\OneDrive\Escritorio\proyecto-imagenes-medicas\data\raw\chest_xray\train\PNEUMONIA\person276_bacteria_1299.jpeg,C:\Users\USER\OneDrive\Escritorio\proyecto-imagenes-medicas\data\processed\train\PNEUMONIA\person276_bacteria_1299.jpeg,train,PNEUMONIA,113.99562679521839,68.68190469493817,7.061577723605933,0.15774293528765734,0.0002758828250401284,13.46389389038086,112.66085379464286,69.86943849557437,7.33868583873494,0.0005580357142857143,1.992984693877551e-05,42.5422477722168
C:\Users\USER\OneDrive\Escritorio\proyecto-imagenes-medicas\data\raw\chest_xray\train\NORMAL\IM-0499-0001-0002.jpeg,C:\Users\USER\OneDrive\Escritorio\proyecto-imagenes-medicas\data\processed\train\NORMAL\IM-0499-0001-0002.jpeg,train,NORMAL,126.4596984367993,59.88840943874991,7.676317076261038,0.041278004321398276,0.00041414228795467404,11.334888458251953,129.3932955994898,61.338282493459516,7.737528650801933,0.0006776147959183673,3.985969387755102e-05,43.162071228027344
C:\Users\USER\OneDrive\Escritorio\proyecto-imagenes-medicas\data\raw\chest_xray\train\PNEUMONIA\person266_bacteria_1245.jpeg,C:\Users\USER\OneDrive\Escritorio\proyecto-imagenes-medicas\data\processed\train\PNEUMONIA\person266_bacteria_1245.jpeg,train,PNEUMONIA,144.92825708061002,51.53447692665411,7.224688745552156,0.0003417755991285403,0.0002369281045751634,9.469269752502441,144.39399314413265,51.93158299734647,7.503975000348464,0.0,0.0,33.95315933227539
C:\Users\USER\OneDrive\Escritorio\proyecto-imagenes-medicas\data\raw\chest_xray\train\PNEUMONIA\person371_bacteria_1701.jpeg,C:\Users\USER\OneDrive\Escritorio\proyecto-imagenes-medicas\data\processed\train\PNEUMONIA\person371_bacteria_1701.jpeg,train,PNEUMONIA,110.59607189394745,47.832020959588824,7.373749848784672,0.0002160674396340815,0.0002825497287522604,9.449294090270996,122.98260124362245,49.472745338292185,7.518573135236059,0.0,0.0,31.147769927978516
C:\Users\USER\OneDrive\Escritorio\proyecto-imagenes-medicas\data\raw\chest_xray\train\NORMAL\NORMAL2-IM-0929-0001.jpeg,C:\Users\USER\OneDrive\Escritorio\proyecto-imagenes-medicas\data\processed\train\NORMAL\NORMAL2-IM-0929-0001.jpeg,train,NORMAL,113.98469492064332,62.57119636575442,7.4241644817915144,0.0948891057321653,0.0003350465098730693,9.785849571228027,119.72731983418367,66.40112858251938,7.644536760687937,0.0006178252551020409,0.0,45.18128204345703
C:\Users\USER\OneDrive\Escritorio\proyecto-imagenes-medicas\data\raw\chest_xray\train\PNEUMONIA\person767_bacteria_2671.jpeg,C:\Users\USER\OneDrive\Escritorio\proyecto-imagenes-medicas\data\processed\train\PNEUMONIA\person767_bacteria_2671.jpeg,train,PNEUMONIA,123.74818177552552,47.62187600113226,7.278661595945283,0.00108255577005577,0.00027817996567996566,8.69140338897705,129.99176897321428,43.887635089207215,7.333608328524608,0.0,0.0,24.600746154785156
C:\Users\USER\OneDrive\Escritorio\proyecto-imagenes-medicas\data\raw\chest_xray\train\NORMAL\NORMAL2-IM-1269-0001-0001.jpeg,C:\Users\USER\OneDrive\Escritorio\proyecto-imagenes-medicas\data\processed\train\NORMAL\NORMAL2-IM-1269-0001-0001.jpeg,train,NORMAL,126.19232976207763,60.87592227864016,7.527268291123467,0.061898258144756864,0.00039142814452537234,9.780745506286621,127.51145966198979,63.37847192963342,7.685117534224477,0.0006776147959183673,3.985969387755102e-05,45.263824462890625
C:\Users\USER\OneDrive\Escritorio\proyecto-imagenes-medicas\data\raw\chest_xray\train\PNEUMONIA\person1186_virus_2021.jpeg,C:\Users\USER\OneDrive\Escritorio\proyecto-imagenes-medicas\data\processed\train\PNEUMONIA\person1186_virus_2021.jpeg,train,PNEUMONIA,143.84772930410725,42.38872944258267,7.107454937374142,9.874441370504363e-05,0.0,9.712575912475586,144.34237484056123,49.49173332368842,7.447987256658253,0.0,0.0,33.564273834228516
C:\Users\USER\OneDrive\Escritorio\proyecto-imagenes-medicas\data\raw\chest_xray\train\PNEUMONIA\person1507_bacteria_3943.jpeg,C:\Users\USER\OneDrive\Escritorio\proyecto-imagenes-medicas\data\processed\train\PNEUMONIA\person1507_bacteria_3943.jpeg,train,PNEUMONIA,119.31889551926298,55.62719669457292,7.3997030318165455,0.02954564489112228,3.5071189279731994e-05,7.7884392738342285,127.97468909438776,57.596248515813095,7.592966559300847,0.0013352997448979591,0.0,35.01285934448242
C:\Users\USER\OneDrive\Escritorio\proyecto-imagenes-medicas\data\raw\chest_xray\train\NORMAL\NORMAL2-IM-1376-0001.jpeg,C:\Users\USER\OneDrive\Escritorio\proyecto-imagenes-medicas\data\processed\train\NORMAL\NORMAL2-IM-1376-0001.jpeg,train,NORMAL,134.84899305555555,62.51167024080974,7.193304429214711,0.0770801183127572,0.0012300668724279835,9.953892707824707,137.1426379145408,65.52824867164183,7.518132982276919,0.004842952806122449,0.00031887755102040814,38.83673858642578
C:\Users\USER\OneDrive\Escritorio\proyecto-imagenes-medicas\data\raw\chest_xray\train\PNEUMONIA\person504_bacteria_2129.jpeg,C:\Users\USER\OneDrive\Escritorio\proyecto-imagenes-medicas\data\processed\train\PNEUMONIA\person504_bacteria_2129.jpeg,train,PNEUMONIA,98.24008957435345,46.692259865813675,7.361485327709539,0.00019362877155172415,0.0002794989224137931,8.879010200500488,110.7974928252551,47.75908157971423,7.487261247884044,0.0,0.0,28.839670181274414
C:\Users\USER\OneDrive\Escritorio\proyecto-imagenes-medicas\data\raw\chest_xray\train\NORMAL\IM-0416-0001.jpeg,C:\Users\USER\OneDrive\Escritorio\proyecto-imagenes-medicas\data\processed\train\NORMAL\IM-0416-0001.jpeg,train,NORMAL,128.34294375725503,51.86748470230605,7.434807688735285,0.036823099342212014,0.0003650910543330379,10.43203353881836,131.0977160395408,57.96721745908925,7.6807086023227935,0.0005381058673469387,5.978954081632653e-05,42.98167037963867
C:\Users\USER\OneDrive\Escritorio\proyecto-imagenes-medicas\data\raw\chest_xray\train\PNEUMONIA\person1602_virus_2780.jpeg,C:\Users\USER\OneDrive\Escritorio\proyecto-imagenes-medicas\data\processed\train\PNEUMONIA\person1602_virus_2780.jpeg,train,PNEUMONIA,148.7153867000598,53.88117973695779,7.27864818328357,0.03801304575358851,0.0025586872009569377,9.976210594177246,147.09707828443877,57.10151094367217,7.5381430089359345,0.0027901785714285715,0.00025908801020408165,35.80527877807617
C:\Users\USER\OneDrive\Escritorio\proyecto-imagenes-medicas\data\raw\chest_xray\train\PNEUMONIA\person1438_bacteria_3718.jpeg,C:\Users\USER\OneDrive\Escritorio\proyecto-imagenes-medicas\data\processed\train\PNEUMONIA\person1438_bacteria_3718.jpeg,train,PNEUMONIA,170.31179469233433,57.09368139576128,6.912253150200584,0.010516480027707227,0.0009668667744169938,10.829285621643066,155.3055644132653,54.59009274924791,7.518125212171959,0.0001992984693877551,7.971938775510203e-05,32.75223922729492
C:\Users\USER\OneDrive\Escritorio\proyecto-imagenes-medicas\data\raw\chest_xray\train\PNEUMONIA\person1130_virus_1860.jpeg,C:\Users\USER\OneDrive\Escritorio\proyecto-imagenes-medicas\data\processed\train\PNEUMONIA\person1130_virus_1860.jpeg,train,PNEUMONIA,132.97364195824662,66.45770874029594,7.137016820633785,0.10061337473985432,0.0006462994276795006,13.118764877319336,128.99035395408163,66.73057808863253,7.5421107138777215,0.001753826530612245,1.992984693877551e-05,39.17510223388672
C:\Users\USER\OneDrive\Escritorio\proyecto-imagenes-medicas\data\raw\chest_xray\train\PNEUMONIA\person84_virus_157.jpeg,C:\Users\USER\OneDrive\Escritorio\proyecto-imagenes-medicas\data\processed\train\PNEUMONIA\person84_virus_157.jpeg,train,PNEUMONIA,115.83274260105006,57.49205195321817,7.394978141577948,0.030536401395281933,0.0003382569764096663,10.963578224182129,127.12444196428571,60.1145001532456,7.639333418105307,0.0015146683673469387,0.0,38.71552658081055
C:\Users\USER\OneDrive\Escritorio\proyecto-imagenes-medicas\data\raw\chest_xray\train\PNEUMONIA\person1441_virus_2454.jpeg,C:\Users\USER\OneDrive\Escritorio\proyecto-imagenes-medicas\data\processed\train\PNEUMONIA\person1441_virus_2454.jpeg,train,PNEUMONIA,155.10008347476386,58.038437179048515,7.520566098284683,0.018572443181818183,0.0012963953659976388,11.265707015991211,148.6129225127551,60.40084965570529,7.698800626622347,0.0014548788265306123,7.971938775510203e-05,41.539676666259766
C:\Users\USER\OneDrive\Escritorio\proyecto-imagenes-medicas\data\raw\chest_xray\train\PNEUMONIA\person1320_bacteria_3346.jpeg,C:\Users\USER\OneDrive\Escritorio\proyecto-imagenes-medicas\data\processed\train\PNEUMONIA\person1320_bacteria_3346.jpeg,train,PNEUMONIA,152.07787148178807,62.279533621688074,7.040328168217351,0.03858547185430464,0.00020436672185430464,7.724249362945557,145.5673230229592,60.15597561275026,7.523741374227291,0.0016940369897959183,0.0,35.29802703857422
C:\Users\USER\OneDrive\Escritorio\proyecto-imagenes-medicas\data\raw\chest_xray\train\PNEUMONIA\person415_bacteria_1839.jpeg,C:\Users\USER\OneDrive\Escritorio\proyecto-imagenes-medicas\data\processed\train\PNEUMONIA\person415_bacteria_1839.jpeg,train,PNEUMONIA,76.51163656491639,46.78805317574219,7.283383244241584,0.004298912066175148,0.00024163819456932207,9.496312141418457,98.79581871811224,50.61871677017784,7.5622558981286705,3.985969387755102e-05,0.0,30.95073890686035
